,n_clusters,eps,min_samples,silhouette
2,1016,2.0,5,0.17379635572433472
0,1270,2.0,3,0.17277207970619202
1,1125,2.0,4,0.1702413707971573
3,891,2.0,6,0.16018891334533691
5,745,2.0,8,0.14904667437076569
17,1210,2.1,3,0.14855413138866425
19,966,2.1,5,0.1465810239315033
18,1072,2.1,4,0.14619269967079163
4,809,2.0,7,0.14610129594802856
7,658,2.0,10,0.1432882696390152
6,681,2.0,9,0.14003793895244598
20,849,2.1,6,0.13233177363872528
34,1143,2.2,3,0.12760663032531738
8,614,2.0,11,0.12755407392978668
22,717,2.1,8,0.12583671510219574
21,780,2.1,7,0.12110333889722824
35,1022,2.2,4,0.12093611061573029
24,628,2.1,10,0.11875604838132858
9,576,2.0,12,0.11829253286123276
36,925,2.2,5,0.11281940340995789
23,653,2.1,9,0.11017505079507828
491,2,5.8,3,0.10965223610401154
493,2,5.8,5,0.10965223610401154
494,2,5.9,3,0.10965223610401154
495,2,5.9,4,0.10965223610401154
492,2,5.8,4,0.10965223610401154
496,2,5.9,5,0.10965223610401154
26,558,2.1,12,0.10674625635147095
38,745,2.2,7,0.10513118654489517
41,599,2.2,10,0.10226728022098541
25,587,2.1,11,0.0974305272102356
39,693,2.2,8,0.09698311239480972
10,539,2.0,13,0.09515637159347534
37,813,2.2,6,0.09421750903129578
42,557,2.2,11,0.09089726954698563
51,1067,2.3,3,0.09082133322954178
27,514,2.1,13,0.08710109442472458
52,959,2.3,4,0.08550012856721878
40,631,2.2,9,0.08172260224819183
43,531,2.2,12,0.0771484375
53,867,2.3,5,0.07607794553041458
44,496,2.2,13,0.07303731143474579
54,769,2.3,6,0.07271332293748856
11,505,2.0,14,0.07054751366376877
28,492,2.1,14,0.06765315681695938
57,596,2.3,9,0.06681831181049347
55,704,2.3,7,0.06662534922361374
58,572,2.3,10,0.06473970413208008
56,650,2.3,8,0.06299594789743423
45,472,2.2,14,0.06161583960056305
62,455,2.3,14,0.0553443469107151
61,478,2.3,13,0.05392485111951828
59,533,2.3,11,0.05244256928563118
29,458,2.1,15,0.05210386961698532
46,446,2.2,15,0.0488998219370842
60,512,2.3,12,0.044952671974897385
63,431,2.3,15,0.04430762678384781
68,996,2.4,3,0.04343928024172783
71,719,2.4,6,0.04119819030165672
73,610,2.4,8,0.03938978910446167
69,899,2.4,4,0.038792684674263
12,460,2.0,15,0.03846285119652748
72,656,2.4,7,0.037796568125486374
47,422,2.2,16,0.03726861998438835
75,537,2.4,10,0.033678747713565826
77,486,2.4,12,0.03228668123483658
74,560,2.4,9,0.03111860901117325
70,816,2.4,5,0.028868716210126877
64,407,2.3,16,0.02540336176753044
76,501,2.4,11,0.025210080668330193
81,385,2.4,16,0.0251826923340559
30,428,2.1,16,0.02352077141404152
80,413,2.4,15,0.021944299340248108
78,460,2.4,13,0.021276306360960007
13,419,2.0,16,0.02031363919377327
79,439,2.4,14,0.019688304513692856
82,373,2.4,17,0.017165767028927803
65,389,2.3,17,0.016972586512565613
48,397,2.2,17,0.013843106105923653
31,397,2.1,17,0.013464059680700302
94,467,2.5,12,0.010692044161260128
95,446,2.5,13,0.009940183721482754
83,356,2.4,18,0.00898560881614685
85,937,2.5,3,0.004347760695964098
49,369,2.2,18,0.0025211984757333994
96,423,2.5,14,0.0009404061711393297
86,850,2.5,4,-0.00012514961417764425
97,401,2.5,15,-0.0028121983632445335
66,364,2.3,18,-0.002847999567165971
14,391,2.0,17,-0.0036755045875906944
93,477,2.5,11,-0.004563518334180117
100,350,2.5,18,-0.005083182360976934
32,367,2.1,18,-0.0067263501696288586
114,387,2.6,15,-0.007275840267539024
101,336,2.5,19,-0.008190094493329525
87,773,2.5,5,-0.010306870564818382
112,421,2.6,13,-0.01095731370151043
84,338,2.4,19,-0.013748135417699814
67,345,2.3,19,-0.014330525882542133
50,350,2.2,19,-0.014858802780508995
99,365,2.5,17,-0.015098202973604202
113,393,2.6,14,-0.015561527572572231
98,379,2.5,16,-0.019110998138785362
90,570,2.5,8,-0.020786190405488014
88,685,2.5,6,-0.02096134051680565
89,623,2.5,7,-0.021119974553585052
115,368,2.6,16,-0.021332744508981705
91,525,2.5,9,-0.026050539687275887
92,505,2.5,10,-0.026107367128133774
33,343,2.1,19,-0.028421752154827118
15,365,2.0,18,-0.029211606830358505
485,3,5.6,3,-0.0318867489695549
486,3,5.6,4,-0.0318867489695549
487,3,5.6,5,-0.0318867489695549
488,3,5.7,3,-0.0318867489695549
489,3,5.7,4,-0.0318867489695549
490,3,5.7,5,-0.0318867489695549
133,338,2.7,17,-0.032577309757471085
116,347,2.6,17,-0.03571019694209099
118,324,2.6,19,-0.037189409136772156
117,334,2.6,18,-0.04098878055810928
134,324,2.7,18,-0.04729887470602989
102,867,2.6,3,-0.05257341265678406
135,316,2.7,19,-0.05474981293082237
132,346,2.7,16,-0.055678099393844604
103,793,2.6,4,-0.05647864565253258
109,469,2.6,10,-0.05851888656616211
16,331,2.0,19,-0.05989348515868187
111,430,2.6,12,-0.06118069589138031
110,442,2.6,11,-0.06305272877216339
108,494,2.6,9,-0.06364487111568451
104,727,2.6,5,-0.06416987627744675
479,5,5.4,3,-0.06538579612970352
481,5,5.4,5,-0.06538579612970352
480,5,5.4,4,-0.06538579612970352
130,375,2.7,14,-0.06911692023277283
131,356,2.7,15,-0.0692845806479454
105,641,2.6,6,-0.07817715406417847
152,298,2.8,19,-0.0793689414858818
129,390,2.7,13,-0.07950127869844437
106,588,2.6,7,-0.08070892095565796
107,537,2.6,8,-0.08528807759284973
127,415,2.7,11,-0.09537709504365921
149,324,2.8,16,-0.09691283106803894
128,402,2.7,12,-0.09794789552688599
126,434,2.7,10,-0.09932427853345871
484,5,5.5,5,-0.10340490192174911
483,5,5.5,4,-0.10340490192174911
482,5,5.5,3,-0.10340490192174911
121,664,2.7,5,-0.10398455709218979
125,448,2.7,9,-0.10502510517835617
150,315,2.8,17,-0.10681945830583572
151,307,2.8,18,-0.10915566980838776
124,491,2.7,8,-0.10937639325857162
119,785,2.7,3,-0.1132722795009613
120,721,2.7,4,-0.11444105207920074
122,582,2.7,6,-0.11510766297578812
123,529,2.7,7,-0.11979244649410248
148,338,2.8,15,-0.12707790732383728
147,355,2.8,14,-0.12771260738372803
145,385,2.8,12,-0.12835930287837982
146,368,2.8,13,-0.1349783092737198
169,280,2.9,19,-0.14190548658370972
167,295,2.9,17,-0.1475146859884262
168,287,2.9,18,-0.15041996538639069
166,305,2.9,16,-0.15050163865089417
144,393,2.8,11,-0.15183310210704803
165,323,2.9,15,-0.15206262469291687
186,255,3.0,19,-0.16232018172740936
143,408,2.8,10,-0.16339842975139618
163,342,2.9,13,-0.16849049925804138
164,325,2.9,14,-0.17015643417835236
137,650,2.8,4,-0.17201560735702515
136,701,2.8,3,-0.17254504561424255
142,414,2.8,9,-0.17369240522384644
138,601,2.8,5,-0.17698925733566284
184,270,3.0,17,-0.1826874166727066
140,479,2.8,7,-0.1836075782775879
185,256,3.0,18,-0.18396948277950287
162,358,2.9,12,-0.18664832413196564
139,525,2.8,6,-0.187379851937294
141,436,2.8,8,-0.18844598531723022
161,367,2.9,11,-0.19164642691612244
182,293,3.0,15,-0.19645658135414124
183,287,3.0,16,-0.19903826713562012
160,374,2.9,10,-0.20387695729732513
181,294,3.0,14,-0.20735831558704376
203,240,3.1,19,-0.20958417654037476
202,247,3.1,18,-0.21308231353759766
153,623,2.9,3,-0.2177998423576355
154,583,2.9,4,-0.2187625616788864
159,384,2.9,9,-0.22293078899383545
155,539,2.9,5,-0.2232646942138672
157,440,2.9,7,-0.2251785546541214
179,321,3.0,12,-0.22829127311706543
158,407,2.9,8,-0.22872602939605713
156,475,2.9,6,-0.22975148260593414
180,307,3.0,13,-0.23017562925815582
178,325,3.0,11,-0.2355211079120636
201,245,3.1,17,-0.2425917088985443
177,330,3.0,10,-0.24347443878650665
199,264,3.1,15,-0.24774405360221863
197,271,3.1,13,-0.24986980855464935
200,256,3.1,16,-0.25053343176841736
198,264,3.1,14,-0.250823438167572
220,218,3.2,19,-0.26074033975601196
219,216,3.2,18,-0.2634882628917694
171,516,3.0,4,-0.2645362913608551
170,551,3.0,3,-0.26453647017478943
176,342,3.0,9,-0.26728636026382446
172,482,3.0,5,-0.26789742708206177
175,366,3.0,8,-0.26881346106529236
174,397,3.0,7,-0.27082616090774536
216,233,3.2,15,-0.27135539054870605
173,429,3.0,6,-0.27319133281707764
217,225,3.2,16,-0.27563437819480896
218,222,3.2,17,-0.2772693336009979
196,286,3.1,12,-0.28511494398117065
214,241,3.2,13,-0.29128554463386536
195,296,3.1,11,-0.2961469292640686
236,201,3.3,18,-0.2965542674064636
215,231,3.2,14,-0.2989536225795746
213,252,3.2,12,-0.29991722106933594
237,194,3.3,19,-0.3046056628227234
194,308,3.1,10,-0.30620327591896057
476,10,5.3,3,-0.3075766861438751
477,10,5.3,4,-0.3075766861438751
478,10,5.3,5,-0.3075766861438751
473,11,5.2,3,-0.3091488182544708
474,11,5.2,4,-0.3091488182544708
475,11,5.2,5,-0.3091488182544708
233,219,3.3,15,-0.3103006184101105
188,452,3.1,4,-0.31360360980033875
234,207,3.3,16,-0.31363630294799805
187,480,3.1,3,-0.31377726793289185
193,313,3.1,9,-0.3145407736301422
212,263,3.2,11,-0.3146911859512329
189,426,3.1,5,-0.3159908652305603
190,388,3.1,6,-0.3165094554424286
192,334,3.1,8,-0.3171660304069519
191,358,3.1,7,-0.31816965341567993
235,197,3.3,17,-0.3201001286506653
254,176,3.4,19,-0.3229934871196747
211,278,3.2,10,-0.3232639729976654
231,221,3.3,13,-0.3310322165489197
253,178,3.4,18,-0.3322993218898773
232,215,3.3,14,-0.3347785472869873
230,232,3.3,12,-0.33750614523887634
210,278,3.2,9,-0.3396848738193512
208,318,3.2,7,-0.3453119993209839
209,298,3.2,8,-0.3472658395767212
229,232,3.3,11,-0.3484116196632385
207,341,3.2,6,-0.34860122203826904
206,374,3.2,5,-0.35317325592041016
252,179,3.4,17,-0.3536386787891388
205,394,3.2,4,-0.35415753722190857
204,418,3.2,3,-0.35443052649497986
251,183,3.4,16,-0.35684850811958313
271,152,3.5,19,-0.35802578926086426
228,243,3.3,10,-0.35847169160842896
250,197,3.4,15,-0.360045462846756
248,200,3.4,13,-0.36349543929100037
249,195,3.4,14,-0.3656834065914154
225,289,3.3,7,-0.36675137281417847
227,250,3.3,9,-0.3671860992908478
224,308,3.3,6,-0.36746999621391296
226,268,3.3,8,-0.3697569668292999
247,211,3.4,12,-0.37263745069503784
223,334,3.3,5,-0.37317466735839844
222,351,3.3,4,-0.37458816170692444
221,372,3.3,3,-0.3758935034275055
270,146,3.5,18,-0.3790418207645416
246,210,3.4,11,-0.37958821654319763
268,152,3.5,16,-0.38146528601646423
267,160,3.5,15,-0.3830375373363495
269,150,3.5,17,-0.38602274656295776
266,163,3.5,14,-0.3917521834373474
288,133,3.6,19,-0.39280468225479126
245,217,3.4,10,-0.39715638756752014
265,166,3.5,13,-0.39797428250312805
470,15,5.1,3,-0.40012314915657043
471,15,5.1,4,-0.40012314915657043
472,15,5.1,5,-0.40012314915657043
244,224,3.4,9,-0.40490415692329407
243,236,3.4,8,-0.40877681970596313
242,255,3.4,7,-0.41522324085235596
241,272,3.4,6,-0.4158371388912201
264,171,3.5,12,-0.41899195313453674
287,134,3.6,18,-0.4197845160961151
458,19,4.6,19,-0.42070698738098145
238,322,3.4,3,-0.42164722084999084
239,303,3.4,4,-0.42219826579093933
240,291,3.4,5,-0.42293035984039307
284,146,3.6,15,-0.4238464832305908
286,137,3.6,17,-0.42469778656959534
457,20,4.6,18,-0.42472219467163086
285,138,3.6,16,-0.4270664155483246
263,174,3.5,11,-0.4285098910331726
283,148,3.6,14,-0.4342634081840515
262,182,3.5,10,-0.43434464931488037
456,23,4.6,17,-0.4377472698688507
261,189,3.5,9,-0.43920964002609253
305,111,3.7,19,-0.4411417841911316
260,201,3.5,8,-0.4431404769420624
281,159,3.6,12,-0.4464154541492462
282,148,3.6,13,-0.44664692878723145
259,216,3.5,7,-0.4493769109249115
303,115,3.7,17,-0.4505106508731842
302,119,3.7,16,-0.45132261514663696
301,123,3.7,15,-0.4515833854675293
440,24,4.5,18,-0.45240652561187744
258,233,3.5,6,-0.45246464014053345
304,112,3.7,18,-0.45310696959495544
278,167,3.6,9,-0.45346635580062866
279,166,3.6,10,-0.4537613093852997
256,262,3.5,4,-0.4539046287536621
257,252,3.5,5,-0.4543972313404083
469,20,5.0,5,-0.45452576875686646
468,20,5.0,4,-0.45452576875686646
467,20,5.0,3,-0.45452576875686646
277,178,3.6,8,-0.4548115134239197
255,278,3.5,3,-0.4554388225078583
280,160,3.6,11,-0.45637205243110657
276,195,3.6,7,-0.4576345682144165
300,124,3.7,14,-0.4578281342983246
439,28,4.5,17,-0.45880505442619324
275,208,3.6,6,-0.4614068567752838
299,131,3.7,13,-0.4623044729232788
441,24,4.5,19,-0.46317604184150696
274,225,3.6,5,-0.4632154405117035
273,233,3.6,4,-0.4646790623664856
272,248,3.6,3,-0.46485117077827454
298,139,3.7,12,-0.4673180878162384
464,24,4.9,3,-0.46823111176490784
466,24,4.9,5,-0.46823111176490784
465,24,4.9,4,-0.46823111176490784
455,24,4.6,16,-0.4693244993686676
297,144,3.7,11,-0.470170795917511
318,108,3.8,15,-0.4709012806415558
319,104,3.8,16,-0.47391536831855774
296,147,3.7,10,-0.47439709305763245
295,150,3.7,9,-0.474403977394104
294,159,3.7,8,-0.4750592112541199
454,26,4.6,15,-0.4759063720703125
453,27,4.6,14,-0.4764205813407898
315,122,3.8,12,-0.47709763050079346
339,81,3.9,19,-0.47792860865592957
322,97,3.8,19,-0.4784773290157318
338,82,3.9,18,-0.47865283489227295
293,168,3.7,7,-0.4788658618927002
372,65,4.1,18,-0.4798397123813629
314,126,3.8,11,-0.4799583852291107
320,101,3.8,17,-0.480090469121933
373,63,4.1,19,-0.4804655611515045
316,117,3.8,13,-0.4808717966079712
371,68,4.1,17,-0.48095181584358215
449,34,4.6,10,-0.48109814524650574
438,30,4.5,16,-0.48134398460388184
370,70,4.1,16,-0.48146557807922363
317,111,3.8,14,-0.48152971267700195
337,89,3.9,17,-0.4816437065601349
353,80,4.0,16,-0.481725811958313
351,87,4.0,14,-0.4819808602333069
356,73,4.0,19,-0.48210272192955017
452,30,4.6,13,-0.48330020904541016
335,96,3.9,15,-0.4834902286529541
321,100,3.8,18,-0.483714759349823
390,58,4.2,19,-0.4839436113834381
290,201,3.7,4,-0.4839905798435211
291,194,3.7,5,-0.4850538671016693
289,216,3.7,3,-0.48544320464134216
462,31,4.8,4,-0.48557889461517334
461,31,4.8,3,-0.48557889461517334
463,31,4.8,5,-0.48557889461517334
292,182,3.7,6,-0.48579710721969604
336,90,3.9,16,-0.48595085740089417
352,86,4.0,15,-0.4864439070224762
451,33,4.6,12,-0.4871840178966522
334,98,3.9,14,-0.4876045882701874
448,36,4.6,9,-0.48775771260261536
333,104,3.9,13,-0.4878884255886078
389,57,4.2,18,-0.4881240725517273
437,31,4.5,15,-0.48833850026130676
350,90,4.0,13,-0.48838216066360474
436,32,4.5,14,-0.4888542890548706
424,35,4.4,19,-0.48912203311920166
313,125,3.8,10,-0.4893280565738678
388,60,4.2,17,-0.48960766196250916
368,75,4.1,14,-0.4899384081363678
407,48,4.3,19,-0.4902392029762268
312,126,3.8,9,-0.49080774188041687
450,34,4.6,11,-0.4908492863178253
366,83,4.1,12,-0.4911302626132965
354,78,4.0,17,-0.49142760038375854
434,38,4.5,12,-0.4917219281196594
435,36,4.5,13,-0.4919148087501526
367,78,4.1,13,-0.49207958579063416
369,74,4.1,15,-0.49230635166168213
404,50,4.3,16,-0.4931497871875763
406,48,4.3,18,-0.49333906173706055
423,34,4.4,18,-0.49345633387565613
311,133,3.8,8,-0.4934588670730591
387,60,4.2,16,-0.4935176372528076
405,51,4.3,17,-0.49411723017692566
447,41,4.6,8,-0.49419105052948
310,141,3.8,7,-0.494779497385025
433,38,4.5,11,-0.49501389265060425
349,95,4.0,12,-0.49508732557296753
365,87,4.1,11,-0.49526286125183105
383,74,4.2,12,-0.4953193962574005
422,38,4.4,17,-0.4953532814979553
432,39,4.5,10,-0.49583783745765686
431,41,4.5,9,-0.4960523545742035
385,65,4.2,14,-0.4969676434993744
384,69,4.2,13,-0.49720078706741333
403,53,4.3,15,-0.49728065729141235
364,88,4.1,10,-0.4978242516517639
355,76,4.0,18,-0.4981626272201538
363,91,4.1,9,-0.49845099449157715
332,106,3.9,12,-0.4985201060771942
386,66,4.2,15,-0.4994347095489502
382,75,4.2,11,-0.49956464767456055
400,59,4.3,12,-0.500751793384552
402,54,4.3,14,-0.5008569359779358
430,46,4.5,8,-0.5014503002166748
307,169,3.8,4,-0.501472532749176
348,95,4.0,11,-0.5015861988067627
401,56,4.3,13,-0.5017919540405273
459,37,4.7,3,-0.5020909905433655
460,37,4.7,4,-0.5020909905433655
308,163,3.8,5,-0.5023549199104309
421,39,4.4,16,-0.5028162002563477
330,107,3.9,10,-0.5030093193054199
306,183,3.8,3,-0.5032210946083069
362,95,4.1,8,-0.5033206939697266
347,98,4.0,10,-0.5035029053688049
309,152,3.8,6,-0.5037186145782471
329,109,3.9,9,-0.5050139427185059
399,60,4.3,11,-0.5053715109825134
345,106,4.0,8,-0.506134033203125
346,101,4.0,9,-0.5069727301597595
381,76,4.2,10,-0.5072746872901917
419,41,4.4,14,-0.5073463916778564
328,114,3.9,8,-0.5074271559715271
420,40,4.4,15,-0.5079315304756165
417,48,4.4,12,-0.5083815455436707
416,48,4.4,11,-0.508449912071228
418,45,4.4,13,-0.5088832378387451
415,49,4.4,10,-0.5093828439712524
380,78,4.2,9,-0.5094307661056519
446,45,4.6,7,-0.5095086693763733
331,108,3.9,11,-0.5096083879470825
398,60,4.3,10,-0.5099186897277832
379,83,4.2,8,-0.509957492351532
413,57,4.4,8,-0.51064133644104
397,62,4.3,9,-0.5107102990150452
445,47,4.6,6,-0.511267364025116
344,112,4.0,7,-0.5115500092506409
361,103,4.1,7,-0.5123094320297241
396,67,4.3,8,-0.5126505494117737
327,121,3.9,7,-0.5127562284469604
414,52,4.4,9,-0.513515055179596
429,50,4.5,7,-0.5139407515525818
428,51,4.5,6,-0.5149223804473877
443,50,4.6,4,-0.5167454481124878
444,49,4.6,5,-0.5169487595558167
360,109,4.1,6,-0.5170812010765076
324,146,3.9,4,-0.517814576625824
358,121,4.1,4,-0.5181249976158142
359,116,4.1,5,-0.5182844400405884
378,89,4.2,7,-0.5183350443840027
325,140,3.9,5,-0.5185270309448242
326,129,3.9,6,-0.5188135504722595
323,158,3.9,3,-0.5190252661705017
341,134,4.0,4,-0.519489586353302
342,128,4.0,5,-0.5197308659553528
343,119,4.0,6,-0.519767701625824
357,126,4.1,3,-0.5198414921760559
427,53,4.5,5,-0.5206528306007385
340,140,4.0,3,-0.5209560394287109
377,93,4.2,6,-0.5210495591163635
426,55,4.5,4,-0.5214190483093262
395,73,4.3,7,-0.5214300751686096
375,101,4.2,4,-0.5214335918426514
394,75,4.3,6,-0.5216410160064697
376,99,4.2,5,-0.5216784477233887
412,62,4.4,7,-0.5242955088615417
374,106,4.2,3,-0.5250353217124939
392,83,4.3,4,-0.5254274606704712
411,63,4.4,6,-0.5255186557769775
393,81,4.3,5,-0.5256354808807373
391,87,4.3,3,-0.5304397940635681
442,53,4.6,3,-0.5308598875999451
409,69,4.4,4,-0.5321221947669983
410,67,4.4,5,-0.5323127508163452
425,59,4.5,3,-0.5346445441246033
408,73,4.4,3,-0.5392668843269348
