,antecedents,consequents,antecedent support,consequent support,support,confidence,lift,leverage,conviction
0,frozenset({'self'}),frozenset({'AskReddit'}),0.015186063480481576,0.4803903684786574,0.011720175118569865,0.7717717717717718,1.6065513016338915,0.004424936487441038,2.2767106223237774
1,frozenset({'todayilearned'}),frozenset({'AskReddit'}),0.013817949653411163,0.4803903684786574,0.010488872674206494,0.7590759075907592,1.5801230778099646,0.003850862748584769,2.1567358678214634
2,frozenset({'DoesAnybodyElse'}),frozenset({'AskReddit'}),0.046242247354979935,0.4803903684786574,0.03447646844217439,0.7455621301775148,1.5519922527560799,0.012262138196034358,2.0421866913280673
3,frozenset({'entertainment'}),frozenset({'reddit.com'}),0.015231667274717257,0.28712148850784386,0.010762495439620576,0.7065868263473054,2.460933279565393,0.0063891564592475445,2.429606355493675
4,frozenset({'offbeat'}),frozenset({'reddit.com'}),0.015459686245895658,0.28712148850784386,0.01126413717621306,0.7286135693215339,2.5376490387678836,0.006825329049427258,2.6268023412591397
5,"frozenset({'IAmA', 'science'})",frozenset({'AskReddit'}),0.023166727471725646,0.4803903684786574,0.018469536665450564,0.797244094488189,1.6595755177460612,0.007340463918863647,2.562734881678078
6,"frozenset({'IAmA', 'WTF'})",frozenset({'AskReddit'}),0.04368843487778183,0.4803903684786574,0.037212696096315216,0.8517745302713988,1.773088276038659,0.016225192767121775,3.5055354013904676
7,"frozenset({'IAmA', 'atheism'})",frozenset({'AskReddit'}),0.019381612550164174,0.4803903684786574,0.014958044509303174,0.7717647058823529,1.6065365929929976,0.005647304514619237,2.276640138108975
8,"frozenset({'IAmA', 'reddit.com'})",frozenset({'AskReddit'}),0.07182597592119665,0.4803903684786574,0.05942174388909157,0.8273015873015872,1.7221444091844698,0.024917236849968737,3.0087690060518897
9,"frozenset({'IAmA', 'worldnews'})",frozenset({'AskReddit'}),0.016143743159430863,0.4803903684786574,0.01340751550529004,0.8305084745762713,1.7288199953017351,0.005652216780306244,3.065696825975923
10,"frozenset({'IAmA', 'politics'})",frozenset({'AskReddit'}),0.031740240788033565,0.4803903684786574,0.025355709595038307,0.7988505747126436,1.6629196318871131,0.010108003627273552,2.5832021681346737
11,"frozenset({'IAmA', 'gaming'})",frozenset({'AskReddit'}),0.021388179496534113,0.4803903684786574,0.017283838015322874,0.8081023454157782,1.682178491577481,0.007009162585895186,2.7077435242612173
12,"frozenset({'IAmA', 'pics'})",frozenset({'AskReddit'}),0.047655964976286026,0.4803903684786574,0.040404961692812845,0.8478468899521532,1.764912341263605,0.01751149511764881,3.415044433583668
13,"frozenset({'IAmA', 'DoesAnybodyElse'})",frozenset({'AskReddit'}),0.021889821233126595,0.4803903684786574,0.019244801167457134,0.8791666666666668,1.8301088538700085,0.00872914187934351,4.300217640176632
14,"frozenset({'IAmA', 'funny'})",frozenset({'AskReddit'}),0.028228748631886173,0.4803903684786574,0.024124407150674935,0.8546042003231017,1.7789786315440455,0.01056358819371174,3.573759576796787
15,"frozenset({'IAmA', 'programming'})",frozenset({'AskReddit'}),0.018469536665450564,0.4803903684786574,0.013909157241882525,0.7530864197530864,1.5676551179367457,0.0050365697175366545,2.1044190076614373
16,"frozenset({'IAmA', 'science'})",frozenset({'reddit.com'}),0.023166727471725646,0.28712148850784386,0.017010215249908794,0.7342519685039371,2.5572867162252755,0.010358549974371368,2.682535435837152
17,"frozenset({'IAmA', 'WTF'})",frozenset({'reddit.com'}),0.04368843487778183,0.28712148850784386,0.032834731849689894,0.7515657620041754,2.617587997018354,0.020290843397003173,2.8694857731490986
18,"frozenset({'IAmA', 'worldnews'})",frozenset({'reddit.com'}),0.016143743159430863,0.28712148850784386,0.012541043414812112,0.7768361581920904,2.7056009016575855,0.007905827848788,3.194417633774978
19,"frozenset({'IAmA', 'politics'})",frozenset({'reddit.com'}),0.031740240788033565,0.28712148850784386,0.024854067858445822,0.7830459770114943,2.727228745855789,0.015740762677788248,3.2858506225068917
20,"frozenset({'IAmA', 'pics'})",frozenset({'reddit.com'}),0.047655964976286026,0.28712148850784386,0.03461327982488143,0.7263157894736842,2.5296462248378253,0.02093022822461251,2.604748407375186
21,"frozenset({'IAmA', 'funny'})",frozenset({'reddit.com'}),0.028228748631886173,0.28712148850784386,0.02225465158701204,0.7883683360258481,2.745765703998538,0.01414957126111112,3.3684870123178974
22,"frozenset({'IAmA', 'funny'})",frozenset({'pics'}),0.028228748631886173,0.15728748631886172,0.020521707406056185,0.7269789983844912,4.621976073231408,0.016081678491819802,3.086621573778845
23,"frozenset({'WTF', 'AskReddit'})",frozenset({'reddit.com'}),0.07688799708135717,0.28712148850784386,0.05449653411163809,0.7087781731909846,2.4685654037058304,0.03242033794125206,2.4478883307042265
24,"frozenset({'worldnews', 'AskReddit'})",frozenset({'reddit.com'}),0.028456767603064575,0.28712148850784386,0.02116016052535571,0.7435897435897436,2.5898087511810512,0.012989611053042022,2.780226194819409
25,"frozenset({'politics', 'AskReddit'})",frozenset({'reddit.com'}),0.057141554177307555,0.28712148850784386,0.0421379058737687,0.7374301675977654,2.5683558950260164,0.025731337782728552,2.7150053948318287
26,"frozenset({'reddit.com', 'DoesAnybodyElse'})",frozenset({'AskReddit'}),0.01696461145567311,0.4803903684786574,0.014912440715067494,0.8790322580645161,1.8298290634933274,0.006762804766779436,4.295439620576431
27,"frozenset({'funny', 'AskReddit'})",frozenset({'reddit.com'}),0.04619664356074425,0.28712148850784386,0.035114921561473916,0.7601184600197434,2.647375729242842,0.02185087249824673,2.9717939594302645
28,"frozenset({'AskReddit', 'technology'})",frozenset({'reddit.com'}),0.019564027727106897,0.28712148850784386,0.01454761036118205,0.7435897435897435,2.589808751181051,0.008930357598966389,2.7802261948194076
29,"frozenset({'pics', 'DoesAnybodyElse'})",frozenset({'AskReddit'}),0.013544326887997081,0.4803903684786574,0.011811382707041226,0.8720538720538721,1.815302573229287,0.005304818522520922,4.061159488469441
30,"frozenset({'funny', 'AskReddit'})",frozenset({'pics'}),0.04619664356074425,0.15728748631886172,0.03333637358628238,0.721618953603159,4.587898061643975,0.026070219644244486,3.0271906963084865
31,"frozenset({'WTF', 'science'})",frozenset({'reddit.com'}),0.03475009120758847,0.28712148850784386,0.028639182780007297,0.8241469816272966,2.8703772257184497,0.01866168486670116,4.053831535500172
32,"frozenset({'WTF', 'science'})",frozenset({'pics'}),0.03475009120758847,0.15728748631886172,0.025036483035388545,0.7204724409448819,4.580608780817446,0.019570728539995776,3.014774344718439
33,"frozenset({'science', 'pics'})",frozenset({'WTF'}),0.034385260853703026,0.13288945640277272,0.025036483035388545,0.7281167108753316,5.479115729606819,0.020467044412272407,3.1892748774258997
34,"frozenset({'science', 'funny'})",frozenset({'WTF'}),0.02458044509303174,0.13288945640277272,0.01887997081357169,0.7680890538033395,5.779909667741808,0.015613488827020499,3.7389806639912435
35,"frozenset({'science', 'worldnews'})",frozenset({'reddit.com'}),0.022072236410069317,0.28712148850784386,0.01764866836920832,0.7995867768595042,2.7848378086047028,0.01131125499645219,3.5570432944557075
36,"frozenset({'politics', 'science'})",frozenset({'reddit.com'}),0.030326523166727473,0.28712148850784386,0.025492520977745348,0.8406015037593985,2.9276857964479177,0.016785124504846947,4.4723038692668275
37,"frozenset({'gaming', 'science'})",frozenset({'reddit.com'}),0.015368478657424297,0.28712148850784386,0.011811382707041226,0.768545994065282,2.676727534603479,0.0073987622388205325,3.080000748369958
38,"frozenset({'science', 'pics'})",frozenset({'reddit.com'}),0.034385260853703026,0.28712148850784386,0.028456767603064575,0.8275862068965518,2.882355518555843,0.018584020324018867,4.134695366654507
39,"frozenset({'science', 'funny'})",frozenset({'reddit.com'}),0.02458044509303174,0.28712148850784386,0.021479387085005474,0.8738404452690167,3.0434519192914546,0.014421813101708874,5.650610554327533
40,"frozenset({'science', 'technology'})",frozenset({'reddit.com'}),0.018788763225100327,0.28712148850784386,0.014866836920831813,0.7912621359223302,2.7558443641208474,0.00947217925641957,3.41518542714847
41,"frozenset({'science', 'programming'})",frozenset({'reddit.com'}),0.019427216344399853,0.28712148850784386,0.014045968624589567,0.7230046948356809,2.518114191289201,0.008467997350221568,2.5736122533530392
42,"frozenset({'science', 'funny'})",frozenset({'pics'}),0.02458044509303174,0.15728748631886172,0.02029368843487778,0.8256029684601112,5.249006057521983,0.01642749201359602,4.832149413554608
43,"frozenset({'atheism', 'WTF'})",frozenset({'reddit.com'}),0.024808464064210143,0.28712148850784386,0.01919919737322145,0.7738970588235293,2.695364470438747,0.01207615424351208,3.15289357928238
44,"frozenset({'atheism', 'funny'})",frozenset({'WTF'}),0.015003648303538855,0.13288945640277272,0.0111729295877417,0.7446808510638298,5.603761737174899,0.009179102920626039,3.396182962422473
45,"frozenset({'WTF', 'worldnews'})",frozenset({'reddit.com'}),0.028593578985771615,0.28712148850784386,0.023622765414082453,0.8261562998405104,2.8773753721255897,0.015412934453921102,4.10068648353745
46,"frozenset({'politics', 'WTF'})",frozenset({'reddit.com'}),0.0465614739146297,0.28712148850784386,0.039812112367748995,0.8550440744368266,2.9779870495950975,0.02644331267026137,4.917898379956022
47,"frozenset({'WTF', 'gaming'})",frozenset({'reddit.com'}),0.02576614374315943,0.28712148850784386,0.019609631521342576,0.7610619469026548,2.650661748996413,0.012211617976699573,2.983528585133838
48,"frozenset({'WTF', 'pics'})",frozenset({'reddit.com'}),0.06662714337832908,0.28712148850784386,0.05290040131338927,0.7939767282683093,2.7652988718976315,0.0337703167315779,3.460184402956943
49,"frozenset({'WTF', 'funny'})",frozenset({'reddit.com'}),0.04615103976650858,0.28712148850784386,0.03826158336373586,0.8290513833992095,2.8874585030460396,0.025010628129791226,4.170133257977237
50,"frozenset({'reddit.com', 'funny'})",frozenset({'WTF'}),0.05463334549434513,0.13288945640277272,0.03826158336373586,0.7003338898163606,5.27004857099971,0.031001387779527465,2.8935889449289087
51,"frozenset({'WTF', 'technology'})",frozenset({'reddit.com'}),0.021753009850419554,0.28712148850784386,0.017967894928858082,0.8259958071278827,2.876816400683007,0.01172213836107983,4.096904216647694
52,"frozenset({'WTF', 'programming'})",frozenset({'reddit.com'}),0.020658518788763226,0.28712148850784386,0.01687340386720175,0.8167770419426048,2.844708858913189,0.010941899202204793,3.8907706711559835
53,"frozenset({'pics', 'worldnews'})",frozenset({'WTF'}),0.024306822327617657,0.13288945640277272,0.01783108354615104,0.7335834896810506,5.520253521525764,0.01460096314015515,3.254717744629028
54,"frozenset({'funny', 'worldnews'})",frozenset({'WTF'}),0.01664538489602335,0.13288945640277272,0.013772345859175483,0.8273972602739725,6.226206974360902,0.011560349708728017,5.023735689095045
55,"frozenset({'politics', 'funny'})",frozenset({'WTF'}),0.027544691718350965,0.13288945640277272,0.02106895293688435,0.7649006622516558,5.7559168571909085,0.017408553827650733,3.6882730164276447
56,"frozenset({'WTF', 'gaming'})",frozenset({'pics'}),0.02576614374315943,0.15728748631886172,0.018332725282743524,0.7115044247787611,4.523592063365808,0.01428003330125151,2.9210587130665226
57,"frozenset({'WTF', 'funny'})",frozenset({'pics'}),0.04615103976650858,0.15728748631886172,0.03684786574242977,0.7984189723320158,5.076176058363712,0.02958888470655381,4.180515018849567
58,"frozenset({'pics', 'funny'})",frozenset({'WTF'}),0.051942721634439984,0.13288945640277272,0.03684786574242977,0.7093942054433714,5.338227912478465,0.0299452257003485,2.9838033509282234
59,"frozenset({'WTF', 'technology'})",frozenset({'pics'}),0.021753009850419554,0.15728748631886172,0.01564210142283838,0.719077568134172,4.571740479572666,0.012220625183596451,2.99980499273062
60,"frozenset({'pics', 'technology'})",frozenset({'WTF'}),0.020795330171470266,0.13288945640277272,0.01564210142283838,0.7521929824561404,5.66029091259377,0.01287862130063552,3.4991363529233253
61,"frozenset({'funny', 'technology'})",frozenset({'WTF'}),0.016006931776723823,0.13288945640277272,0.012404232032105071,0.774928774928775,5.831378921289697,0.010277079569619974,3.852605073450973
62,"frozenset({'funny', 'programming'})",frozenset({'WTF'}),0.015459686245895658,0.13288945640277272,0.01112732579350602,0.7197640117994101,5.416261239100022,0.009072896492131523,3.094215518731159
63,"frozenset({'atheism', 'politics'})",frozenset({'reddit.com'}),0.024306822327617657,0.28712148850784386,0.018378329076979203,0.7560975609756097,2.633371556078966,0.011399318069377927,2.922801897117839
64,"frozenset({'atheism', 'pics'})",frozenset({'reddit.com'}),0.02339474644290405,0.28712148850784386,0.01778547975191536,0.7602339181286549,2.6477778520846798,0.011068345329965163,2.9732250113453333
65,"frozenset({'atheism', 'funny'})",frozenset({'reddit.com'}),0.015003648303538855,0.28712148850784386,0.011948194089748267,0.7963525835866261,2.7735736106873468,0.007640324255788004,3.5005526907599895
66,"frozenset({'atheism', 'funny'})",frozenset({'pics'}),0.015003648303538855,0.15728748631886172,0.011355344764684422,0.756838905775076,4.811818940514893,0.00899545863740854,3.465655212513681
67,"frozenset({'politics', 'worldnews'})",frozenset({'reddit.com'}),0.02804633345494345,0.28712148850784386,0.02353155782561109,0.8390243902439025,2.9221929525521433,0.015478852816840388,4.42848772290582
68,"frozenset({'pics', 'worldnews'})",frozenset({'reddit.com'}),0.024306822327617657,0.28712148850784386,0.02029368843487778,0.8348968105065665,2.9078172269358307,0.013314677427276505,4.31777552983317
69,"frozenset({'worldnews', 'funny'})",frozenset({'reddit.com'}),0.01664538489602335,0.28712148850784386,0.01454761036118205,0.8739726027397261,3.0439122034429342,0.009768362673049844,5.656536015100807
70,"frozenset({'worldnews', 'technology'})",frozenset({'reddit.com'}),0.01345311929952572,0.28712148850784386,0.01126413717621306,0.8372881355932204,2.916145844550212,0.007401457537859634,4.381232518545543
71,"frozenset({'politics', 'gaming'})",frozenset({'reddit.com'}),0.017055819044144473,0.28712148850784386,0.013863553447646844,0.8128342245989305,2.8309766323070757,0.008966461295971652,3.8088080471152344
72,"frozenset({'politics', 'pics'})",frozenset({'reddit.com'}),0.041499452754469174,0.28712148850784386,0.03602699744618752,0.868131868131868,3.0235698228074335,0.024111612799063393,5.405995378815513
73,"frozenset({'politics', 'funny'})",frozenset({'reddit.com'}),0.027544691718350965,0.28712148850784386,0.024808464064210143,0.9006622516556292,3.1368681471258952,0.016899791177547537,7.176310349021041
74,"frozenset({'politics', 'technology'})",frozenset({'reddit.com'}),0.017739875957679677,0.28712148850784386,0.015231667274717257,0.8586118251928021,2.990412976942148,0.010138167683803757,5.041995290371797
75,"frozenset({'politics', 'programming'})",frozenset({'reddit.com'}),0.018423932871214885,0.28712148850784386,0.01436519518423933,0.7797029702970297,2.7155855674512814,0.009075288154087518,3.2359878499194505
76,"frozenset({'gaming', 'pics'})",frozenset({'reddit.com'}),0.029824881430134988,0.28712148850784386,0.02111455673112003,0.7079510703363914,2.465684731629033,0.01255119238032972,2.4409557409207854
77,"frozenset({'gaming', 'funny'})",frozenset({'reddit.com'}),0.01901678219627873,0.28712148850784386,0.014684421743889092,0.7721822541966428,2.689392069571789,0.009224294933064078,3.1291614662339917
78,"frozenset({'reddit.com', 'funny'})",frozenset({'pics'}),0.05463334549434513,0.15728748631886172,0.04145384896023349,0.7587646076794659,4.824062138937468,0.03286070737823804,3.49332038543254
79,"frozenset({'pics', 'funny'})",frozenset({'reddit.com'}),0.051942721634439984,0.28712148850784386,0.04145384896023349,0.7980684811237928,2.779549817992778,0.0265399774074045,3.5302983677807207
80,"frozenset({'pics', 'technology'})",frozenset({'reddit.com'}),0.020795330171470266,0.28712148850784386,0.01778547975191536,0.8552631578947368,2.978750083595265,0.011814693599070742,4.9253424430367145
81,"frozenset({'pics', 'programming'})",frozenset({'reddit.com'}),0.020658518788763226,0.28712148850784386,0.016417365924844947,0.7947019867549668,2.767824835699319,0.01048586125984799,3.4724082333972754
82,"frozenset({'funny', 'technology'})",frozenset({'reddit.com'}),0.016006931776723823,0.28712148850784386,0.014182780007296607,0.886039886039886,3.0859406958517503,0.009586845929120156,6.255508938343669
83,"frozenset({'funny', 'programming'})",frozenset({'reddit.com'}),0.015459686245895658,0.28712148850784386,0.013225100328347318,0.855457227138643,2.9794259969339523,0.008786292201561515,4.93195541624165
84,"frozenset({'funny', 'worldnews'})",frozenset({'pics'}),0.01664538489602335,0.15728748631886172,0.01331630791681868,0.8,5.0862278921426505,0.01069819716771322,4.213562568405693
85,"frozenset({'politics', 'funny'})",frozenset({'pics'}),0.027544691718350965,0.15728748631886172,0.021844217438890916,0.793046357615894,5.042018129835119,0.017511782117083523,4.0719868661072605
86,"frozenset({'gaming', 'funny'})",frozenset({'pics'}),0.01901678219627873,0.15728748631886172,0.014821233126596133,0.7793764988009593,4.955108108352403,0.011830131257070168,3.8196860674460296
87,"frozenset({'funny', 'technology'})",frozenset({'pics'}),0.016006931776723823,0.15728748631886172,0.012951477562933236,0.8091168091168092,5.144190603164219,0.010433787500094835,4.414807347792233
88,"frozenset({'funny', 'programming'})",frozenset({'pics'}),0.015459686245895658,0.15728748631886172,0.011856986501276907,0.7669616519174042,4.87617718273263,0.009425371312381699,3.61619673592286
89,"frozenset({'IAmA', 'WTF', 'science'})",frozenset({'AskReddit'}),0.013133892739875957,0.4803903684786574,0.011446552353155783,0.8715277777777779,1.814207434128642,0.005137156780287608,4.0445290237336975
90,"frozenset({'IAmA', 'science', 'AskReddit'})",frozenset({'reddit.com'}),0.018469536665450564,0.28712148850784386,0.014228383801532287,0.7703703703703704,2.6830815567791424,0.008925382942097923,3.1044709371432604
91,"frozenset({'IAmA', 'science', 'reddit.com'})",frozenset({'AskReddit'}),0.017010215249908794,0.4803903684786574,0.014228383801532287,0.8364611260053618,1.741211275018566,0.006056840229727325,3.1772851238927973
92,"frozenset({'IAmA', 'science', 'pics'})",frozenset({'AskReddit'}),0.013225100328347318,0.4803903684786574,0.011492156147391464,0.8689655172413794,1.8088737290743278,0.005138945327489482,3.9654419247681427
93,"frozenset({'IAmA', 'WTF', 'reddit.com'})",frozenset({'AskReddit'}),0.032834731849689894,0.4803903684786574,0.02873039036847866,0.875,1.8214353521928992,0.012956901436308222,4.15687705217074
94,"frozenset({'IAmA', 'WTF', 'AskReddit'})",frozenset({'reddit.com'}),0.037212696096315216,0.28712148850784386,0.02873039036847866,0.7720588235294118,2.688962179535092,0.018045825673914603,3.1274670181591366
95,"frozenset({'IAmA', 'WTF', 'politics'})",frozenset({'AskReddit'}),0.017192630426851513,0.4803903684786574,0.014684421743889092,0.8541114058355439,1.7779528106286129,0.0064252476780165164,3.56168783788266
96,"frozenset({'IAmA', 'WTF', 'pics'})",frozenset({'AskReddit'}),0.02531010580080263,0.4803903684786574,0.02225465158701204,0.8792792792792793,1.8303432728342546,0.010095920535130662,4.304229037229032
97,"frozenset({'IAmA', 'WTF', 'funny'})",frozenset({'AskReddit'}),0.019153593578985773,0.4803903684786574,0.016919007661437432,0.8833333333333333,1.8387823555471172,0.007717805784338011,4.453796841611506
98,"frozenset({'IAmA', 'funny', 'AskReddit'})",frozenset({'WTF'}),0.024124407150674935,0.13288945640277272,0.016919007661437432,0.7013232514177694,5.277493567978327,0.013713128309145077,2.90317390862616
99,"frozenset({'IAmA', 'reddit.com', 'atheism'})",frozenset({'AskReddit'}),0.013133892739875957,0.4803903684786574,0.010899306822327618,0.8298611111111113,1.7274724173575515,0.004589911249459444,3.0540321199621796
100,"frozenset({'IAmA', 'AskReddit', 'atheism'})",frozenset({'reddit.com'}),0.014958044509303174,0.28712148850784386,0.010899306822327618,0.7286585365853658,2.537805652834165,0.00660453081764991,2.6272376603306427
101,"frozenset({'IAmA', 'reddit.com', 'worldnews'})",frozenset({'AskReddit'}),0.012541043414812112,0.4803903684786574,0.010853703028091938,0.8654545454545456,1.8015651483507953,0.0048291065609435075,3.8619634775234957
102,"frozenset({'IAmA', 'worldnews', 'AskReddit'})",frozenset({'reddit.com'}),0.01340751550529004,0.28712148850784386,0.010853703028091938,0.8095238095238095,2.819446965571489,0.007004117219021065,3.7426121853338197
103,"frozenset({'IAmA', 'reddit.com', 'politics'})",frozenset({'AskReddit'}),0.024854067858445822,0.4803903684786574,0.020476103611820503,0.8238532110091743,1.7149661297711387,0.008536448795108158,2.949867178949288
104,"frozenset({'IAmA', 'politics', 'AskReddit'})",frozenset({'reddit.com'}),0.025355709595038307,0.28712148850784386,0.020476103611820503,0.8075539568345323,2.8125862715164587,0.013195934530720484,3.7043032933611095
105,"frozenset({'IAmA', 'reddit.com', 'gaming'})",frozenset({'AskReddit'}),0.013863553447646844,0.4803903684786574,0.012039401678219628,0.868421052631579,1.8077403495448323,0.005379484129081,3.9490331995622046
106,"frozenset({'IAmA', 'reddit.com', 'pics'})",frozenset({'AskReddit'}),0.03461327982488143,0.4803903684786574,0.03014410798978475,0.8708827404479579,1.812864698361764,0.013516221740455081,4.024323574741827
107,"frozenset({'IAmA', 'pics', 'AskReddit'})",frozenset({'reddit.com'}),0.040404961692812845,0.28712148850784386,0.03014410798978475,0.7460496613995485,2.5983762667041455,0.018542975245441917,2.8071571608091124
108,"frozenset({'IAmA', 'reddit.com', 'DoesAnybodyElse'})",frozenset({'AskReddit'}),0.01112732579350602,0.4803903684786574,0.010397665085735133,0.9344262295081966,1.9451393925057658,0.005052204947610707,7.924046880700465
109,"frozenset({'IAmA', 'reddit.com', 'funny'})",frozenset({'AskReddit'}),0.02225465158701204,0.4803903684786574,0.019290404961692813,0.8668032786885246,1.8043727259428486,0.008599484685443961,3.9010692335756176
110,"frozenset({'IAmA', 'funny', 'AskReddit'})",frozenset({'reddit.com'}),0.024124407150674935,0.28712148850784386,0.019290404961692813,0.7996219281663517,2.7849602352019946,0.012363769271221754,3.5576672884844407
111,"frozenset({'IAmA', 'politics', 'pics'})",frozenset({'AskReddit'}),0.01564210142283838,0.4803903684786574,0.01336191171105436,0.8542274052478134,1.77819427969186,0.005847596844756499,3.564522072236409
112,"frozenset({'IAmA', 'gaming', 'pics'})",frozenset({'AskReddit'}),0.011811382707041226,0.4803903684786574,0.010488872674206494,0.888030888030888,1.84856097519853,0.004814798183328518,4.640651536690611
113,"frozenset({'IAmA', 'pics', 'funny'})",frozenset({'AskReddit'}),0.020521707406056185,0.4803903684786574,0.01801349872309376,0.8777777777777777,1.827217686644305,0.008155068140487238,4.251351530629162
114,"frozenset({'IAmA', 'funny', 'AskReddit'})",frozenset({'pics'}),0.024124407150674935,0.15728748631886172,0.01801349872309376,0.7466918714555766,4.747306279291935,0.014219031363431327,3.3268277592337476
115,"frozenset({'IAmA', 'WTF', 'science'})",frozenset({'reddit.com'}),0.013133892739875957,0.28712148850784386,0.011583363735862823,0.8819444444444444,3.071676902442468,0.007812340902487275,6.038500332639439
116,"frozenset({'IAmA', 'science', 'pics'})",frozenset({'reddit.com'}),0.013225100328347318,0.28712148850784386,0.011583363735862823,0.8758620689655172,3.0504929238049336,0.007786153243922166,5.742632453686812
117,"frozenset({'IAmA', 'WTF', 'politics'})",frozenset({'reddit.com'}),0.017192630426851513,0.28712148850784386,0.01568770521707406,0.9124668435013262,3.177981725587211,0.010751331577551208,8.144096934319478
118,"frozenset({'IAmA', 'WTF', 'pics'})",frozenset({'reddit.com'}),0.02531010580080263,0.28712148850784386,0.02202663261583364,0.8702702702702703,3.0310175486795563,0.014759557364016174,5.495105192752036
119,"frozenset({'IAmA', 'WTF', 'funny'})",frozenset({'reddit.com'}),0.019153593578985773,0.28712148850784386,0.01696461145567311,0.8857142857142857,3.0848066799782172,0.011465203157000437,6.237686975556364
120,"frozenset({'IAmA', 'reddit.com', 'funny'})",frozenset({'WTF'}),0.02225465158701204,0.13288945640277272,0.01696461145567311,0.7622950819672131,5.736309731426577,0.014007202903841979,3.6478443558228175
121,"frozenset({'IAmA', 'politics', 'pics'})",frozenset({'WTF'}),0.01564210142283838,0.13288945640277272,0.011492156147391464,0.7346938775510204,5.528609247405208,0.009413485792313433,3.2683397412510877
122,"frozenset({'IAmA', 'WTF', 'funny'})",frozenset({'pics'}),0.019153593578985773,0.15728748631886172,0.01591572418825246,0.8309523809523809,5.283016471302931,0.0129031036002407,4.985059940085605
123,"frozenset({'IAmA', 'pics', 'funny'})",frozenset({'WTF'}),0.020521707406056185,0.13288945640277272,0.01591572418825246,0.7755555555555554,5.836095477770151,0.0131886056466049,3.863363808106456
124,"frozenset({'IAmA', 'pics', 'politics'})",frozenset({'reddit.com'}),0.01564210142283838,0.28712148850784386,0.01436519518423933,0.9183673469387755,3.1985322718668154,0.009874011740323312,8.732761765778914
125,"frozenset({'IAmA', 'politics', 'funny'})",frozenset({'reddit.com'}),0.011036118205034659,0.28712148850784386,0.010352061291499452,0.9380165289256198,3.2669673516964726,0.007183354605121387,11.50110665207345
126,"frozenset({'IAmA', 'reddit.com', 'funny'})",frozenset({'pics'}),0.02225465158701204,0.15728748631886172,0.017694272163444,0.7950819672131147,5.0549600977237406,0.014193893956420808,4.112437066763955
127,"frozenset({'IAmA', 'pics', 'funny'})",frozenset({'reddit.com'}),0.020521707406056185,0.28712148850784386,0.017694272163444,0.8622222222222221,3.002987434702809,0.011802048986294703,5.174118228572096
128,"frozenset({'WTF', 'science', 'AskReddit'})",frozenset({'reddit.com'}),0.021981028821597956,0.28712148850784386,0.018606348048157608,0.8464730290456433,2.9481354162822213,0.012295122333966586,4.64334381809756
129,"frozenset({'politics', 'science', 'AskReddit'})",frozenset({'WTF'}),0.017238234221087195,0.13288945640277272,0.012632251003283473,0.7328042328042328,5.5143895734149675,0.010341471428299522,3.2452255988094247
130,"frozenset({'WTF', 'science', 'AskReddit'})",frozenset({'pics'}),0.021981028821597956,0.15728748631886172,0.016326158336373586,0.7427385892116183,4.722172161273519,0.012868817566321992,3.2757050935024896
131,"frozenset({'science', 'AskReddit', 'pics'})",frozenset({'WTF'}),0.02125136811382707,0.13288945640277272,0.016326158336373586,0.7682403433476395,5.78104812935039,0.013502075579911888,3.741421419595443
132,"frozenset({'science', 'funny', 'AskReddit'})",frozenset({'WTF'}),0.015505290040131339,0.13288945640277272,0.012586647209047792,0.8117647058823529,6.108571197868303,0.010526157644247414,4.60652476286027
133,"frozenset({'politics', 'science', 'AskReddit'})",frozenset({'reddit.com'}),0.017238234221087195,0.28712148850784386,0.015003648303538855,0.8703703703703703,3.0313661819379734,0.010054180834733448,5.4993485172252035
134,"frozenset({'science', 'AskReddit', 'pics'})",frozenset({'reddit.com'}),0.02125136811382707,0.28712148850784386,0.01783108354615104,0.8390557939914163,2.922302326976457,0.01172935910048088,4.429351818071262
135,"frozenset({'science', 'funny', 'AskReddit'})",frozenset({'reddit.com'}),0.015505290040131339,0.28712148850784386,0.013726742064939804,0.8852941176470589,3.0833432992002394,0.009274840108871448,6.214838305316237
136,"frozenset({'science', 'funny', 'AskReddit'})",frozenset({'pics'}),0.015505290040131339,0.15728748631886172,0.013133892739875957,0.8470588235294118,5.385417768151042,0.010695104644818817,5.510043358684365
137,"frozenset({'atheism', 'WTF', 'AskReddit'})",frozenset({'reddit.com'}),0.01564210142283838,0.28712148850784386,0.012677854797519154,0.8104956268221574,2.8228316558062683,0.008186671353603136,3.76180506833553
138,"frozenset({'atheism', 'pics', 'AskReddit'})",frozenset({'WTF'}),0.015003648303538855,0.13288945640277272,0.010625684056913534,0.7082066869300911,5.3292917745377615,0.008631857389797873,2.971660092119664
139,"frozenset({'WTF', 'worldnews', 'AskReddit'})",frozenset({'reddit.com'}),0.01678219627873039,0.28712148850784386,0.014775629332360452,0.8804347826086957,3.066418982376664,0.009957100156380586,5.962256641570761
140,"frozenset({'politics', 'WTF', 'AskReddit'})",frozenset({'reddit.com'}),0.028639182780007297,0.28712148850784386,0.025264502006566946,0.8821656050955413,3.0724471709871395,0.01704157721712304,6.049833854284779
141,"frozenset({'WTF', 'gaming', 'AskReddit'})",frozenset({'reddit.com'}),0.017238234221087195,0.28712148850784386,0.01345311929952572,0.7804232804232804,2.7180942968744746,0.008503651830720313,3.2466033414943967
142,"frozenset({'WTF', 'pics', 'AskReddit'})",frozenset({'reddit.com'}),0.0421379058737687,0.28712148850784386,0.03475009120758847,0.8246753246753247,2.872217363322827,0.022651392950508584,4.066047806288594
143,"frozenset({'WTF', 'funny', 'AskReddit'})",frozenset({'reddit.com'}),0.029870485224370667,0.28712148850784386,0.02562933236045239,0.8580152671755726,2.9883352570879853,0.01705287418037953,5.020811021799598
144,"frozenset({'reddit.com', 'funny', 'AskReddit'})",frozenset({'WTF'}),0.035114921561473916,0.13288945640277272,0.02562933236045239,0.7298701298701299,5.492310297801032,0.02096292952252212,3.2099765315858897
145,"frozenset({'WTF', 'AskReddit', 'technology'})",frozenset({'reddit.com'}),0.011811382707041226,0.28712148850784386,0.01003283473184969,0.8494208494208494,2.9584022214263634,0.006641532947668206,4.7342444737555995
146,"frozenset({'WTF', 'AskReddit', 'programming'})",frozenset({'reddit.com'}),0.012404232032105071,0.28712148850784386,0.010899306822327618,0.8786764705882353,3.0602950519470813,0.007337785257472933,5.875847125026255
147,"frozenset({'politics', 'worldnews', 'AskReddit'})",frozenset({'WTF'}),0.014775629332360452,0.13288945640277272,0.010580080262677856,0.7160493827160495,5.388308464034843,0.008616554912691612,3.0537371317989317
148,"frozenset({'pics', 'worldnews', 'AskReddit'})",frozenset({'WTF'}),0.014182780007296607,0.13288945640277272,0.0111729295877417,0.7877813504823151,5.928095213924573,0.009288187662291942,4.08592998573845
149,"frozenset({'politics', 'pics', 'AskReddit'})",frozenset({'WTF'}),0.02544691718350967,0.13288945640277272,0.0181503101058008,0.7132616487455197,5.36733062240623,0.014768683114157825,3.0240480207953295
150,"frozenset({'politics', 'funny', 'AskReddit'})",frozenset({'WTF'}),0.017238234221087195,0.13288945640277272,0.013954761036118205,0.8095238095238095,6.091708337418701,0.011663981461134253,4.552330353885443
151,"frozenset({'WTF', 'gaming', 'AskReddit'})",frozenset({'pics'}),0.017238234221087195,0.15728748631886172,0.012632251003283473,0.7328042328042328,4.659011660461356,0.009920892474072887,3.153914160113567
152,"frozenset({'WTF', 'funny', 'AskReddit'})",frozenset({'pics'}),0.029870485224370667,0.15728748631886172,0.02462604888726742,0.8244274809160306,5.241532560605021,0.01992779535120146,4.799797360531702
153,"frozenset({'pics', 'funny', 'AskReddit'})",frozenset({'WTF'}),0.03333637358628238,0.13288945640277272,0.02462604888726742,0.7387140902872776,5.558861555188546,0.020195996322946604,3.3186272637150416
154,"frozenset({'atheism', 'politics', 'AskReddit'})",frozenset({'reddit.com'}),0.0134987230937614,0.28712148850784386,0.010944910616563297,0.8108108108108107,2.8239293931797107,0.007069137148927316,3.768072132172824
155,"frozenset({'atheism', 'pics', 'AskReddit'})",frozenset({'reddit.com'}),0.015003648303538855,0.28712148850784386,0.011856986501276907,0.790273556231003,2.7524012930485124,0.0075491166673166445,3.3990873953756426
156,"frozenset({'politics', 'worldnews', 'AskReddit'})",frozenset({'reddit.com'}),0.014775629332360452,0.28712148850784386,0.013225100328347318,0.8950617283950617,3.1173623856808947,0.008982699640799827,6.793312874219368
157,"frozenset({'pics', 'worldnews', 'AskReddit'})",frozenset({'reddit.com'}),0.014182780007296607,0.28712148850784386,0.012221816855162349,0.8617363344051446,3.0012951621404085,0.008149635948288058,5.155935280792104
158,"frozenset({'politics', 'pics', 'AskReddit'})",frozenset({'reddit.com'}),0.02544691718350967,0.28712148850784386,0.02239146296971908,0.8799283154121863,3.064655034999749,0.015085106230053954,5.937107603173475
159,"frozenset({'politics', 'funny', 'AskReddit'})",frozenset({'reddit.com'}),0.017238234221087195,0.28712148850784386,0.01577891280554542,0.9153439153439152,3.1880021244697225,0.010829445336740014,8.420877417001083
160,"frozenset({'gaming', 'AskReddit', 'pics'})",frozenset({'reddit.com'}),0.019427216344399853,0.28712148850784386,0.014456402772710689,0.744131455399061,2.5916954501255733,0.00887843149834269,2.786112347666591
161,"frozenset({'reddit.com', 'funny', 'AskReddit'})",frozenset({'pics'}),0.035114921561473916,0.15728748631886172,0.027544691718350965,0.7844155844155843,4.987145530607403,0.022021553973662733,3.9089676839426284
162,"frozenset({'pics', 'funny', 'AskReddit'})",frozenset({'reddit.com'}),0.03333637358628238,0.28712148850784386,0.027544691718350965,0.8262653898768809,2.877755315949848,0.017973102512804,4.103261353549338
163,"frozenset({'reddit.com', 'AskReddit', 'technology'})",frozenset({'pics'}),0.01454761036118205,0.15728748631886172,0.010215249908792412,0.7021943573667712,4.464400657680069,0.00792709284313586,2.829739914360875
164,"frozenset({'pics', 'AskReddit', 'technology'})",frozenset({'reddit.com'}),0.011492156147391464,0.28712148850784386,0.010215249908792412,0.8888888888888888,3.095863334745164,0.006915604929588807,6.415906603429402
165,"frozenset({'pics', 'AskReddit', 'programming'})",frozenset({'reddit.com'}),0.012495439620576433,0.28712148850784386,0.010762495439620576,0.8613138686131386,2.999823778740296,0.007174786216200784,5.140229267075018
166,"frozenset({'politics', 'funny', 'AskReddit'})",frozenset({'pics'}),0.017238234221087195,0.15728748631886172,0.014273987595767968,0.828042328042328,5.264514980954529,0.011562629066557382,4.9006973872533885
167,"frozenset({'gaming', 'funny', 'AskReddit'})",frozenset({'pics'}),0.012221816855162349,0.15728748631886172,0.01007843852608537,0.8246268656716418,5.242800205986594,0.00815609967468739,4.805254333330746
168,"frozenset({'WTF', 'science', 'worldnews'})",frozenset({'reddit.com'}),0.01450200656694637,0.28712148850784386,0.012860269974461875,0.8867924528301887,3.088561770276426,0.008696432262609705,6.297093518180714
169,"frozenset({'science', 'worldnews', 'reddit.com'})",frozenset({'WTF'}),0.01764866836920832,0.13288945640277272,0.012860269974461875,0.7286821705426356,5.483370842710677,0.010514948028644971,3.1959217178297803
170,"frozenset({'politics', 'WTF', 'science'})",frozenset({'reddit.com'}),0.01933600875592849,0.28712148850784386,0.01764866836920832,0.9127358490566039,3.1789186305770665,0.012096884753405429,8.169202401964176
171,"frozenset({'WTF', 'science', 'pics'})",frozenset({'reddit.com'}),0.025036483035388545,0.28712148850784386,0.021707406056183876,0.8670309653916212,3.0197355478252015,0.014518893780061735,5.361237024783477
172,"frozenset({'WTF', 'science', 'reddit.com'})",frozenset({'pics'}),0.028639182780007297,0.15728748631886172,0.021707406056183876,0.7579617834394905,4.818957955135155,0.0172028209864901,3.4817332802089145
173,"frozenset({'science', 'pics', 'reddit.com'})",frozenset({'WTF'}),0.028456767603064575,0.13288945640277272,0.021707406056183876,0.7628205128205129,5.740263625644546,0.01792580167843259,3.655925535166689
174,"frozenset({'WTF', 'science', 'funny'})",frozenset({'reddit.com'}),0.01887997081357169,0.28712148850784386,0.01710142283838015,0.9057971014492753,3.1547520394821644,0.011680577515402801,7.567479583532112
175,"frozenset({'science', 'funny', 'reddit.com'})",frozenset({'WTF'}),0.021479387085005474,0.13288945640277272,0.01710142283838015,0.7961783439490444,5.99128302200228,0.014247038764789038,4.254261104523892
176,"frozenset({'WTF', 'science', 'technology'})",frozenset({'reddit.com'}),0.01226742064939803,0.28712148850784386,0.010671287851149215,0.8698884758364313,3.0296878173667827,0.007149047774142192,5.4789805597540004
177,"frozenset({'science', 'technology', 'reddit.com'})",frozenset({'WTF'}),0.014866836920831813,0.13288945640277272,0.010671287851149215,0.7177914110429447,5.401417316866744,0.008695641974311205,3.072587361007566
178,"frozenset({'politics', 'science', 'worldnews'})",frozenset({'WTF'}),0.013726742064939804,0.13288945640277272,0.01012404232032105,0.7375415282392026,5.550037965418405,0.008299903029130126,3.303800931933739
179,"frozenset({'WTF', 'science', 'worldnews'})",frozenset({'pics'}),0.01450200656694637,0.15728748631886172,0.010534476468442175,0.7264150943396227,4.61839089262953,0.008253492308947554,3.080259532765541
180,"frozenset({'science', 'worldnews', 'pics'})",frozenset({'WTF'}),0.013088288945640278,0.13288945640277272,0.010534476468442175,0.8048780487804879,6.056748748681722,0.00879518086521362,4.4439415359357906
181,"frozenset({'politics', 'WTF', 'science'})",frozenset({'pics'}),0.01933600875592849,0.15728748631886172,0.014273987595767968,0.7382075471698114,4.693364770756633,0.011232675383108475,3.219009962169394
182,"frozenset({'politics', 'science', 'pics'})",frozenset({'WTF'}),0.017603064574972637,0.13288945640277272,0.014273987595767968,0.810880829015544,6.101919978947443,0.011934725913376949,4.5849954771031465
183,"frozenset({'politics', 'science', 'funny'})",frozenset({'WTF'}),0.013954761036118205,0.13288945640277272,0.011583363735862823,0.8300653594771241,6.246284558206718,0.00972892312754248,5.1026120450144505
184,"frozenset({'WTF', 'science', 'funny'})",frozenset({'pics'}),0.01887997081357169,0.15728748631886172,0.01673659248449471,0.8864734299516909,5.636007356329568,0.013767009333454544,7.423042141787051
185,"frozenset({'science', 'funny', 'pics'})",frozenset({'WTF'}),0.02029368843487778,0.13288945640277272,0.01673659248449471,0.8247191011235956,6.2060536888943725,0.014039775259976565,4.946976819240594
186,"frozenset({'WTF', 'science', 'technology'})",frozenset({'pics'}),0.01226742064939803,0.15728748631886172,0.01003283473184969,0.8178438661710037,5.199675354420925,0.008103322974289775,4.626319717963799
187,"frozenset({'science', 'technology', 'pics'})",frozenset({'WTF'}),0.01226742064939803,0.13288945640277272,0.01003283473184969,0.8178438661710037,6.154317191969035,0.008402623870287037,4.760259923013349
188,"frozenset({'politics', 'science', 'worldnews'})",frozenset({'reddit.com'}),0.013726742064939804,0.28712148850784386,0.01226742064939803,0.893687707641196,3.112576882648689,0.008326178035349279,6.705513498723091
189,"frozenset({'science', 'worldnews', 'pics'})",frozenset({'reddit.com'}),0.013088288945640278,0.28712148850784386,0.011583363735862823,0.8850174216027874,3.082379609419619,0.007825434731769828,6.199882812068142
190,"frozenset({'politics', 'science', 'pics'})",frozenset({'reddit.com'}),0.017603064574972637,0.28712148850784386,0.016417365924844947,0.9326424870466321,3.2482503900823616,0.011363147821779107,10.5835040552297
191,"frozenset({'politics', 'science', 'funny'})",frozenset({'reddit.com'}),0.013954761036118205,0.28712148850784386,0.013088288945640278,0.9379084967320261,3.2665910921759638,0.009081577185178758,11.48109602718946
192,"frozenset({'science', 'funny', 'pics'})",frozenset({'reddit.com'}),0.02029368843487778,0.28712148850784386,0.018287121488507845,0.9011235955056182,3.138474936824523,0.01246036745777132,7.209794036682046
193,"frozenset({'science', 'funny', 'reddit.com'})",frozenset({'pics'}),0.021479387085005474,0.15728748631886172,0.018287121488507845,0.851380042462845,5.412891148485146,0.01490868268623751,5.6702513420545175
194,"frozenset({'science', 'funny'})","frozenset({'pics', 'reddit.com'})",0.02458044509303174,0.09180043779642466,0.018287121488507845,0.7439703153988868,8.104213152541872,0.016030625867736552,3.547243217592225
195,"frozenset({'science', 'technology', 'pics'})",frozenset({'reddit.com'}),0.01226742064939803,0.28712148850784386,0.010853703028091938,0.8847583643122677,3.081477352706386,0.007331462951084914,6.1859457932706485
196,"frozenset({'science', 'technology', 'reddit.com'})",frozenset({'pics'}),0.014866836920831813,0.15728748631886172,0.010853703028091938,0.7300613496932515,4.641572999731406,0.008515335619301855,3.121866812046035
197,"frozenset({'politics', 'science', 'funny'})",frozenset({'pics'}),0.013954761036118205,0.15728748631886172,0.012221816855162349,0.8758169934640523,5.568256025711725,0.010026907569610922,6.78605339964285
198,"frozenset({'atheism', 'WTF', 'politics'})",frozenset({'reddit.com'}),0.013544326887997081,0.28712148850784386,0.011674571324334184,0.8619528619528619,3.002049294298341,0.0077857040274156505,5.164022388126105
199,"frozenset({'atheism', 'WTF', 'pics'})",frozenset({'reddit.com'}),0.015733309011309742,0.28712148850784386,0.013088288945640278,0.8318840579710145,2.8973242730604203,0.008570917843159151,4.240398042496446
200,"frozenset({'atheism', 'reddit.com', 'pics'})",frozenset({'WTF'}),0.01778547975191536,0.13288945640277272,0.013088288945640278,0.735897435897436,5.537666085915914,0.010724786209545725,3.2832340971157157
201,"frozenset({'politics', 'WTF', 'worldnews'})",frozenset({'reddit.com'}),0.017192630426851513,0.28712148850784386,0.015961327982488144,0.9283819628647216,3.233411639405593,0.011024954342965292,9.953896253057163
202,"frozenset({'WTF', 'pics', 'worldnews'})",frozenset({'reddit.com'}),0.01783108354615104,0.28712148850784386,0.0158245165997811,0.887468030690537,3.0909147040949962,0.010704829350302491,6.33489768166893
203,"frozenset({'reddit.com', 'worldnews', 'pics'})",frozenset({'WTF'}),0.02029368843487778,0.13288945640277272,0.0158245165997811,0.7797752808988764,5.867849128191682,0.013127699375262956,3.9373897132731233
204,"frozenset({'WTF', 'funny', 'worldnews'})",frozenset({'reddit.com'}),0.013772345859175483,0.28712148850784386,0.012404232032105071,0.9006622516556292,3.1368681471258952,0.008449895588773768,7.176310349021041
205,"frozenset({'reddit.com', 'funny', 'worldnews'})",frozenset({'WTF'}),0.01454761036118205,0.13288945640277272,0.012404232032105071,0.8526645768025078,6.4163448318892895,0.010471007999248244,5.885282200159905
206,"frozenset({'funny', 'worldnews'})","frozenset({'WTF', 'reddit.com'})",0.01664538489602335,0.08546151039766509,0.012404232032105071,0.7452054794520548,8.719778950600139,0.010981692297740434,3.589317728009165
207,"frozenset({'politics', 'WTF', 'pics'})",frozenset({'reddit.com'}),0.027863918278000728,0.28712148850784386,0.02576614374315943,0.9247135842880525,3.2206352408304344,0.017765814051518947,9.468886315689307
208,"frozenset({'politics', 'reddit.com', 'pics'})",frozenset({'WTF'}),0.03602699744618752,0.13288945640277272,0.02576614374315943,0.7151898734177216,5.381840612321138,0.02097853563671149,3.0445214641858205
209,"frozenset({'politics', 'WTF', 'funny'})",frozenset({'reddit.com'}),0.02106895293688435,0.28712148850784386,0.019700839109813937,0.935064935064935,3.2566874040825753,0.013651489981273994,10.9783290769792
210,"frozenset({'politics', 'reddit.com', 'funny'})",frozenset({'WTF'}),0.024808464064210143,0.13288945640277272,0.019700839109813937,0.7941176470588235,5.975776171827687,0.016404055806133327,4.211679783186532
211,"frozenset({'politics', 'funny'})","frozenset({'WTF', 'reddit.com'})",0.027544691718350965,0.08546151039766509,0.019700839109813937,0.7152317880794703,8.369051573642809,0.017346828152125605,3.2115188820919216
212,"frozenset({'politics', 'WTF', 'technology'})",frozenset({'reddit.com'}),0.011993797883983947,0.28712148850784386,0.011218533381977381,0.9353612167300381,3.2577193075692943,0.007774856280665682,11.028649913084552
213,"frozenset({'politics', 'reddit.com', 'technology'})",frozenset({'WTF'}),0.015231667274717257,0.13288945640277272,0.011218533381977381,0.7365269461077845,5.542403182653224,0.009194405397732303,3.2910786541076584
214,"frozenset({'WTF', 'gaming', 'reddit.com'})",frozenset({'pics'}),0.019609631521342576,0.15728748631886172,0.015140459686245895,0.772093023255814,4.908801337765581,0.012056110036614805,3.697616131458056
215,"frozenset({'WTF', 'gaming', 'pics'})",frozenset({'reddit.com'}),0.018332725282743524,0.28712148850784386,0.015140459686245895,0.8258706467661692,2.8763804863863656,0.009876740314659193,4.093959451712097
216,"frozenset({'gaming', 'pics', 'reddit.com'})",frozenset({'WTF'}),0.02111455673112003,0.13288945640277272,0.015140459686245895,0.7170626349892009,5.3959332395481105,0.01233455772006185,3.0646731426375284
217,"frozenset({'WTF', 'gaming', 'funny'})",frozenset({'reddit.com'}),0.013225100328347318,0.28712148850784386,0.011218533381977381,0.8482758620689655,2.954414406519739,0.007421322890036724,4.698517462107393
218,"frozenset({'gaming', 'funny', 'reddit.com'})",frozenset({'WTF'}),0.014684421743889092,0.13288945640277272,0.011218533381977381,0.7639751552795031,5.7489523695844005,0.009267128558842904,3.6738104610303575
219,"frozenset({'WTF', 'reddit.com', 'funny'})",frozenset({'pics'}),0.03826158336373586,0.15728748631886172,0.03183144837650492,0.8319427890345649,5.289313272818191,0.02581338010664333,5.01443829062748
220,"frozenset({'WTF', 'pics', 'funny'})",frozenset({'reddit.com'}),0.03684786574242977,0.28712148850784386,0.03183144837650492,0.8638613861386137,3.0086963906047526,0.0212516343162013,5.236416702596924
221,"frozenset({'reddit.com', 'funny', 'pics'})",frozenset({'WTF'}),0.04145384896023349,0.13288945640277272,0.03183144837650492,0.7678767876787678,5.778312354227872,0.02632266892237685,3.735561536160565
222,"frozenset({'WTF', 'reddit.com', 'technology'})",frozenset({'pics'}),0.017967894928858082,0.15728748631886172,0.013772345859175483,0.7664974619289339,4.873225962649366,0.010946220831373973,3.609007939025742
223,"frozenset({'WTF', 'pics', 'technology'})",frozenset({'reddit.com'}),0.01564210142283838,0.28712148850784386,0.013772345859175483,0.8804664723032068,3.0665293527104067,0.009281162415259465,5.963837303458762
224,"frozenset({'reddit.com', 'technology', 'pics'})",frozenset({'WTF'}),0.01778547975191536,0.13288945640277272,0.013772345859175483,0.7743589743589743,5.8270911426711,0.01140884312308093,3.8428762727604378
225,"frozenset({'WTF', 'reddit.com', 'programming'})",frozenset({'pics'}),0.01687340386720175,0.15728748631886172,0.012039401678219628,0.7135135135135136,4.536365417316418,0.009385426398304504,2.9415436798303887
226,"frozenset({'WTF', 'pics', 'programming'})",frozenset({'reddit.com'}),0.01345311929952572,0.28712148850784386,0.012039401678219628,0.8949152542372882,3.116852238709539,0.008176722039866201,6.783843899683427
227,"frozenset({'reddit.com', 'pics', 'programming'})",frozenset({'WTF'}),0.016417365924844947,0.13288945640277272,0.012039401678219628,0.7333333333333334,5.518371082132235,0.009857706844901578,3.251664538489603
228,"frozenset({'WTF', 'funny', 'technology'})",frozenset({'reddit.com'}),0.012404232032105071,0.28712148850784386,0.011218533381977381,0.9044117647058824,3.1499271245982507,0.007657011817122696,7.457805966379479
229,"frozenset({'reddit.com', 'funny', 'technology'})",frozenset({'WTF'}),0.014182780007296607,0.13288945640277272,0.011218533381977381,0.7909967845659165,5.952291520920184,0.009333791456527622,4.148790447057505
230,"frozenset({'funny', 'technology'})","frozenset({'WTF', 'reddit.com'})",0.016006931776723823,0.08546151039766509,0.011218533381977381,0.7008547008547009,8.200822774995668,0.009850556815506183,3.057171522384949
231,"frozenset({'WTF', 'funny', 'programming'})",frozenset({'reddit.com'}),0.01112732579350602,0.28712148850784386,0.01007843852608537,0.9057377049180327,3.154545170495969,0.006883544181142197,7.562711165395044
232,"frozenset({'reddit.com', 'funny', 'programming'})",frozenset({'WTF'}),0.013225100328347318,0.13288945640277272,0.01007843852608537,0.7620689655172413,5.734608193501052,0.008320962132579164,3.644377647002839
233,"frozenset({'politics', 'pics', 'worldnews'})",frozenset({'WTF'}),0.014091572418825245,0.13288945640277272,0.011355344764684422,0.8058252427184467,6.063876431822271,0.00948272336608643,4.465619299525723
234,"frozenset({'WTF', 'funny', 'worldnews'})",frozenset({'pics'}),0.013772345859175483,0.15728748631886172,0.011355344764684422,0.8245033112582781,5.242014673607285,0.009189127103780725,4.801871304371769
235,"frozenset({'pics', 'funny', 'worldnews'})",frozenset({'WTF'}),0.01331630791681868,0.13288945640277272,0.011355344764684422,0.8527397260273972,6.416910333674936,0.009585747844326448,5.888285551869542
236,"frozenset({'politics', 'WTF', 'funny'})",frozenset({'pics'}),0.02106895293688435,0.15728748631886172,0.01778547975191536,0.8441558441558441,5.366961249825848,0.01447159710510242,5.407405296120635
237,"frozenset({'politics', 'pics', 'funny'})",frozenset({'WTF'}),0.021844217438890916,0.13288945640277272,0.01778547975191536,0.81419624217119,6.1268686336066756,0.014882613570917178,4.666808431270471
238,"frozenset({'WTF', 'gaming', 'funny'})",frozenset({'pics'}),0.013225100328347318,0.15728748631886172,0.011537759941627144,0.8724137931034484,5.546619209965908,0.009457617154666642,6.605044026149466
239,"frozenset({'gaming', 'funny', 'pics'})",frozenset({'WTF'}),0.014821233126596133,0.13288945640277272,0.011537759941627144,0.7784615384615385,5.857963148724989,0.009568174328215016,3.91404064818193
240,"frozenset({'WTF', 'funny', 'technology'})",frozenset({'pics'}),0.012404232032105071,0.15728748631886172,0.010853703028091938,0.875,5.563061757031024,0.008902672552046225,6.7417001094491065
241,"frozenset({'pics', 'funny', 'technology'})",frozenset({'WTF'}),0.012951477562933236,0.13288945640277272,0.010853703028091938,0.8380281690140845,6.306205109863021,0.009132588215141032,5.353465095252447
242,"frozenset({'atheism', 'pics', 'politics'})",frozenset({'reddit.com'}),0.01213060926669099,0.28712148850784386,0.010580080262677856,0.8721804511278196,3.037670414919128,0.007097121673518494,5.57722600167393
243,"frozenset({'politics', 'pics', 'worldnews'})",frozenset({'reddit.com'}),0.014091572418825245,0.28712148850784386,0.01336191171105436,0.9482200647249192,3.3025046981080095,0.009315918462745178,13.76746625319228
244,"frozenset({'politics', 'worldnews', 'funny'})",frozenset({'reddit.com'}),0.010716891645384896,0.28712148850784386,0.01012404232032105,0.9446808510638298,3.2901781610749143,0.007046992438920863,12.886650015435137
245,"frozenset({'reddit.com', 'funny', 'worldnews'})",frozenset({'pics'}),0.01454761036118205,0.15728748631886172,0.011948194089748267,0.8213166144200627,5.221754340679366,0.009660037024091715,4.716233190601457
246,"frozenset({'pics', 'funny', 'worldnews'})",frozenset({'reddit.com'}),0.01331630791681868,0.28712148850784386,0.011948194089748267,0.8972602739726027,3.125019581904579,0.008124795939242502,6.938684178523648
247,"frozenset({'funny', 'worldnews'})","frozenset({'reddit.com', 'pics'})",0.01664538489602335,0.09180043779642466,0.011948194089748267,0.7178082191780822,7.819224356749621,0.010420140469003329,3.218377089362185
248,"frozenset({'politics', 'reddit.com', 'funny'})",frozenset({'pics'}),0.024808464064210143,0.15728748631886172,0.02029368843487778,0.8180147058823528,5.200761516552112,0.016391627482786355,4.630662701439787
249,"frozenset({'politics', 'pics', 'funny'})",frozenset({'reddit.com'}),0.021844217438890916,0.28712148850784386,0.02029368843487778,0.92901878914405,3.235629607425465,0.01402174420853442,10.043200206021831
250,"frozenset({'politics', 'funny'})","frozenset({'reddit.com', 'pics'})",0.027544691718350965,0.09180043779642466,0.02029368843487778,0.7367549668874173,8.025614959715492,0.01776507367616561,3.4500159469871674
251,"frozenset({'politics', 'pics', 'technology'})",frozenset({'reddit.com'}),0.01112732579350602,0.28712148850784386,0.010488872674206494,0.9426229508196722,3.283010810923407,0.007293978329263321,12.42445405743473
252,"frozenset({'gaming', 'funny', 'reddit.com'})",frozenset({'pics'}),0.014684421743889092,0.15728748631886172,0.01235862823786939,0.8416149068322981,5.350806516966841,0.01004895245372704,5.320655478535814
253,"frozenset({'gaming', 'funny', 'pics'})",frozenset({'reddit.com'}),0.014821233126596133,0.28712148850784386,0.01235862823786939,0.8338461538461539,2.9041579513244065,0.008103133721039345,4.290472522869459
254,"frozenset({'reddit.com', 'funny', 'technology'})",frozenset({'pics'}),0.014182780007296607,0.15728748631886172,0.011765778912805546,0.8295819935691319,5.274303843138279,0.009535005096444456,4.944973429336492
255,"frozenset({'pics', 'funny', 'technology'})",frozenset({'reddit.com'}),0.012951477562933236,0.28712148850784386,0.011765778912805546,0.9084507042253521,3.163994129964028,0.008047131396560213,7.786826817837398
256,"frozenset({'funny', 'technology'})","frozenset({'reddit.com', 'pics'})",0.016006931776723823,0.09180043779642466,0.011765778912805546,0.7350427350427351,8.00696328565181,0.010296335567924798,3.4277209283167207
257,"frozenset({'reddit.com', 'funny', 'programming'})",frozenset({'pics'}),0.013225100328347318,0.15728748631886172,0.010853703028091938,0.8206896551724139,5.217768268663582,0.008773560241131436,4.699742864760196
258,"frozenset({'pics', 'funny', 'programming'})",frozenset({'reddit.com'}),0.011856986501276907,0.28712148850784386,0.010853703028091938,0.9153846153846154,3.1881438764539145,0.0074493074146279,8.424927863089113
259,"frozenset({'funny', 'programming'})","frozenset({'reddit.com', 'pics'})",0.015459686245895658,0.09180043779642466,0.010853703028091938,0.7020648967551623,7.647729287653849,0.009434497062523351,3.048313382049624
260,"frozenset({'IAmA', 'WTF', 'reddit.com', 'science'})",frozenset({'AskReddit'}),0.011583363735862823,0.4803903684786574,0.01012404232032105,0.8740157480314961,1.8193864935290152,0.004559505947027592,4.124401450200656
261,"frozenset({'IAmA', 'WTF', 'science', 'AskReddit'})",frozenset({'reddit.com'}),0.011446552353155783,0.28712148850784386,0.01012404232032105,0.8844621513944223,3.080445688655796,0.006837491170399999,6.170086427052799
262,"frozenset({'IAmA', 'reddit.com', 'science', 'AskReddit'})",frozenset({'WTF'}),0.014228383801532287,0.13288945640277272,0.01012404232032105,0.7115384615384616,5.354363549970962,0.008233240131445408,3.0059832178037214
263,"frozenset({'IAmA', 'WTF', 'science'})","frozenset({'reddit.com', 'AskReddit'})",0.013133892739875957,0.1356712878511492,0.01012404232032105,0.7708333333333334,5.681624649859945,0.008342150177803221,3.7716161984677132
264,"frozenset({'IAmA', 'pics', 'science', 'reddit.com'})",frozenset({'AskReddit'}),0.011583363735862823,0.4803903684786574,0.01007843852608537,0.8700787401574803,1.8111910588734792,0.004513902152791911,3.9994195880733643
265,"frozenset({'IAmA', 'pics', 'science', 'AskReddit'})",frozenset({'reddit.com'}),0.011492156147391464,0.28712148850784386,0.01007843852608537,0.8769841269841269,3.054400879369113,0.006778793546881765,5.7950124160007475
266,"frozenset({'IAmA', 'reddit.com', 'science', 'AskReddit'})",frozenset({'pics'}),0.014228383801532287,0.15728748631886172,0.01007843852608537,0.7083333333333334,4.503430946167972,0.007840491803562347,2.8893000469067602
267,"frozenset({'IAmA', 'pics', 'science'})","frozenset({'reddit.com', 'AskReddit'})",0.013225100328347318,0.1356712878511492,0.01007843852608537,0.7620689655172413,5.617024630541872,0.008284172132577833,3.632685891640097
268,"frozenset({'politics', 'WTF', 'reddit.com', 'IAmA'})",frozenset({'AskReddit'}),0.01568770521707406,0.4803903684786574,0.0134987230937614,0.8604651162790697,1.7911789509936815,0.0059625006039466365,3.723869025902954
269,"frozenset({'politics', 'WTF', 'AskReddit', 'IAmA'})",frozenset({'reddit.com'}),0.014684421743889092,0.28712148850784386,0.0134987230937614,0.9192546583850931,3.201622641211614,0.009282510064779016,8.828726180787466
270,"frozenset({'politics', 'WTF', 'IAmA'})","frozenset({'reddit.com', 'AskReddit'})",0.017192630426851513,0.1356712878511492,0.0134987230937614,0.7851458885941645,5.787119006753896,0.011166176782201602,4.0228632651866265
271,"frozenset({'IAmA', 'WTF', 'pics', 'reddit.com'})",frozenset({'AskReddit'}),0.02202663261583364,0.4803903684786574,0.019427216344399853,0.8819875776397514,1.8359809761234547,0.008845834185735518,4.403007930259793
272,"frozenset({'IAmA', 'WTF', 'pics', 'AskReddit'})",frozenset({'reddit.com'}),0.02225465158701204,0.28712148850784386,0.019427216344399853,0.8729508196721311,3.0403534901160243,0.013037427654513507,5.611043767873741
273,"frozenset({'IAmA', 'WTF', 'pics'})","frozenset({'reddit.com', 'AskReddit'})",0.02531010580080263,0.1356712878511492,0.019427216344399853,0.7675675675675675,5.657553486259369,0.01599336169475612,3.7186235290124965
274,"frozenset({'IAmA', 'WTF', 'reddit.com', 'funny'})",frozenset({'AskReddit'}),0.01696461145567311,0.4803903684786574,0.015094855892010215,0.8897849462365591,1.8522122936278023,0.006945219943722157,4.714506900632668
275,"frozenset({'IAmA', 'WTF', 'funny', 'AskReddit'})",frozenset({'reddit.com'}),0.016919007661437432,0.28712148850784386,0.015094855892010215,0.8921832884097034,3.1073372217674677,0.010237045228182685,6.6119481940897415
276,"frozenset({'IAmA', 'reddit.com', 'funny', 'AskReddit'})",frozenset({'WTF'}),0.019290404961692813,0.13288945640277272,0.015094855892010215,0.7825059101654847,5.888397253983784,0.012531364462861507,3.9868234776263822
277,"frozenset({'IAmA', 'WTF', 'funny'})","frozenset({'reddit.com', 'AskReddit'})",0.019153593578985773,0.1356712878511492,0.015094855892010215,0.7880952380952381,5.808857943177271,0.012496263184171713,4.078854596657497
278,"frozenset({'IAmA', 'WTF', 'pics', 'funny'})",frozenset({'AskReddit'}),0.01591572418825246,0.4803903684786574,0.014228383801532287,0.8939828080229227,1.8609507323264336,0.006582623194133007,4.901182740566181
279,"frozenset({'IAmA', 'WTF', 'funny', 'AskReddit'})",frozenset({'pics'}),0.016919007661437432,0.15728748631886172,0.014228383801532287,0.8409703504043127,5.346708565864241,0.01156723561545523,5.299090552130548
280,"frozenset({'IAmA', 'pics', 'funny', 'AskReddit'})",frozenset({'WTF'}),0.01801349872309376,0.13288945640277272,0.014228383801532287,0.789873417721519,5.943838127590071,0.011834579748308316,4.126610418324153
281,"frozenset({'IAmA', 'WTF', 'funny'})","frozenset({'pics', 'AskReddit'})",0.019153593578985773,0.08737686975556366,0.014228383801532287,0.7428571428571428,8.50175961825231,0.012554802750030247,3.5490899509505844
282,"frozenset({'politics', 'pics', 'IAmA', 'reddit.com'})",frozenset({'AskReddit'}),0.01436519518423933,0.4803903684786574,0.01231302444363371,0.8571428571428571,1.7842632021481462,0.005412123035809144,3.6372674206493967
283,"frozenset({'politics', 'pics', 'AskReddit', 'IAmA'})",frozenset({'reddit.com'}),0.01336191171105436,0.28712148850784386,0.01231302444363371,0.9215017064846416,3.209448764262265,0.008476532463845391,9.081452342052243
284,"frozenset({'politics', 'pics', 'IAmA'})","frozenset({'reddit.com', 'AskReddit'})",0.01564210142283838,0.1356712878511492,0.01231302444363371,0.7871720116618075,5.802053066124409,0.010190840398898934,4.061160935165146
285,"frozenset({'IAmA', 'pics', 'funny', 'reddit.com'})",frozenset({'AskReddit'}),0.017694272163444,0.4803903684786574,0.0155964976286027,0.8814432989690723,1.8348479836523464,0.007096339704044188,4.382794283266979
286,"frozenset({'IAmA', 'pics', 'funny', 'AskReddit'})",frozenset({'reddit.com'}),0.01801349872309376,0.28712148850784386,0.0155964976286027,0.8658227848101266,3.0155276406157014,0.010424435061993875,5.3129624913094675
287,"frozenset({'IAmA', 'reddit.com', 'funny', 'AskReddit'})",frozenset({'pics'}),0.019290404961692813,0.15728748631886172,0.0155964976286027,0.8085106382978724,5.140336699505871,0.01256235832210514,4.400832015890391
288,"frozenset({'IAmA', 'pics', 'funny'})","frozenset({'reddit.com', 'AskReddit'})",0.020521707406056185,0.1356712878511492,0.0155964976286027,0.76,5.601774789915967,0.01281229115591859,3.601369633953545
289,"frozenset({'IAmA', 'reddit.com', 'funny'})","frozenset({'pics', 'AskReddit'})",0.02225465158701204,0.08737686975556366,0.0155964976286027,0.7008196721311476,8.020654368732675,0.013651955835428902,3.05041155862524
290,"frozenset({'politics', 'WTF', 'pics', 'IAmA'})",frozenset({'reddit.com'}),0.011492156147391464,0.28712148850784386,0.010990514410798978,0.9563492063492063,3.3308172485427883,0.007690869431595373,16.331398626911188
291,"frozenset({'politics', 'WTF', 'reddit.com', 'IAmA'})",frozenset({'pics'}),0.01568770521707406,0.15728748631886172,0.010990514410798978,0.7005813953488372,4.454145792174342,0.008523034691094106,2.8144961621972002
292,"frozenset({'politics', 'pics', 'IAmA', 'reddit.com'})",frozenset({'WTF'}),0.01436519518423933,0.13288945640277272,0.010990514410798978,0.765079365079365,5.757261605168262,0.009081531431645685,3.6910786653125207
293,"frozenset({'politics', 'pics', 'IAmA'})","frozenset({'WTF', 'reddit.com'})",0.01564210142283838,0.08546151039766509,0.010990514410798978,0.7026239067055393,8.221524560426396,0.009653716797409744,3.07535982287844
294,"frozenset({'IAmA', 'WTF', 'pics', 'funny'})",frozenset({'reddit.com'}),0.01591572418825246,0.28712148850784386,0.014638817949653412,0.9197707736389685,3.2034201912889615,0.01006907153004207,8.885521446812952
295,"frozenset({'IAmA', 'WTF', 'reddit.com', 'funny'})",frozenset({'pics'}),0.01696461145567311,0.15728748631886172,0.014638817949653412,0.8629032258064516,5.486153069145803,0.011970496857414421,6.1468442174388915
296,"frozenset({'IAmA', 'pics', 'funny', 'reddit.com'})",frozenset({'WTF'}),0.017694272163444,0.13288945640277272,0.014638817949653412,0.827319587628866,6.225622483708227,0.012287435740410625,5.021475983816781
297,"frozenset({'IAmA', 'WTF', 'funny'})","frozenset({'pics', 'reddit.com'})",0.019153593578985773,0.09180043779642466,0.014638817949653412,0.7642857142857142,8.325512738627493,0.01288050967372773,3.852967839651531
298,"frozenset({'IAmA', 'pics', 'funny'})","frozenset({'WTF', 'reddit.com'})",0.020521707406056185,0.08546151039766509,0.014638817949653412,0.7133333333333333,8.346837424404125,0.0128850018387929,3.1902505451244236
299,"frozenset({'politics', 'WTF', 'science', 'AskReddit'})",frozenset({'reddit.com'}),0.012632251003283473,0.28712148850784386,0.011674571324334184,0.924187725631769,3.2188037559805323,0.00804758061306673,9.403207032539397
300,"frozenset({'politics', 'reddit.com', 'science', 'AskReddit'})",frozenset({'WTF'}),0.015003648303538855,0.13288945640277272,0.011674571324334184,0.7781155015197568,5.85535920292561,0.009680744657218522,3.9079365594998325
301,"frozenset({'WTF', 'pics', 'science', 'AskReddit'})",frozenset({'reddit.com'}),0.016326158336373586,0.28712148850784386,0.01450200656694637,0.888268156424581,3.0937014190086107,0.009814415683792042,6.380262677854797
302,"frozenset({'WTF', 'reddit.com', 'science', 'AskReddit'})",frozenset({'pics'}),0.018606348048157608,0.15728748631886172,0.01450200656694637,0.7794117647058822,4.955332321388979,0.0115754608528778,3.820296728687825
303,"frozenset({'pics', 'science', 'AskReddit', 'reddit.com'})",frozenset({'WTF'}),0.01783108354615104,0.13288945640277272,0.01450200656694637,0.8132992327365729,6.120118591437052,0.012132443567425932,4.6443866102262445
304,"frozenset({'WTF', 'science', 'funny', 'AskReddit'})",frozenset({'reddit.com'}),0.012586647209047792,0.28712148850784386,0.011537759941627144,0.9166666666666667,3.1926090639559512,0.007923863059642244,8.55454213790588
305,"frozenset({'reddit.com', 'funny', 'science', 'AskReddit'})",frozenset({'WTF'}),0.013726742064939804,0.13288945640277272,0.011537759941627144,0.8405315614617941,6.325043266895752,0.00971362065043622,5.437505700474282
306,"frozenset({'science', 'funny', 'AskReddit'})","frozenset({'WTF', 'reddit.com'})",0.015505290040131339,0.08546151039766509,0.011537759941627144,0.7441176470588236,8.70705003452822,0.010212654435643648,3.5740584651125737
307,"frozenset({'WTF', 'science', 'funny', 'AskReddit'})",frozenset({'pics'}),0.012586647209047792,0.15728748631886172,0.011492156147391464,0.9130434782608696,5.804934007336721,0.00951243404669802,9.691193907333098
308,"frozenset({'WTF', 'pics', 'science', 'AskReddit'})",frozenset({'funny'}),0.016326158336373586,0.0786665450565487,0.011492156147391464,0.7039106145251397,8.948030119018703,0.010207833677022783,3.1116733666958076
309,"frozenset({'pics', 'funny', 'science', 'AskReddit'})",frozenset({'WTF'}),0.013133892739875957,0.13288945640277272,0.011492156147391464,0.8750000000000001,6.5844200411805085,0.009746800280737024,6.9368843487778244
310,"frozenset({'science', 'funny', 'AskReddit'})","frozenset({'WTF', 'pics'})",0.015505290040131339,0.06662714337832908,0.011492156147391464,0.7411764705882353,11.124242058219592,0.010459082964765054,3.606213309674638
311,"frozenset({'politics', 'pics', 'science', 'AskReddit'})",frozenset({'reddit.com'}),0.011218533381977381,0.28712148850784386,0.010488872674206494,0.9349593495934959,3.2563196661191514,0.007267790670698213,10.960507114191897
312,"frozenset({'pics', 'funny', 'science', 'AskReddit'})",frozenset({'reddit.com'}),0.013133892739875957,0.28712148850784386,0.011993797883983947,0.9131944444444445,3.1805158478046027,0.0082227750506084,8.212360452389646
313,"frozenset({'reddit.com', 'funny', 'science', 'AskReddit'})",frozenset({'pics'}),0.013726742064939804,0.15728748631886172,0.011993797883983947,0.8737541528239202,5.555140928710618,0.009834753129242185,6.675170174158487
314,"frozenset({'science', 'funny', 'AskReddit'})","frozenset({'pics', 'reddit.com'})",0.015505290040131339,0.09180043779642466,0.011993797883983947,0.7735294117647059,8.426206130738436,0.010570405470139347,4.010231833106697
315,"frozenset({'politics', 'WTF', 'worldnews', 'AskReddit'})",frozenset({'reddit.com'}),0.010580080262677856,0.28712148850784386,0.01007843852608537,0.9525862068965516,3.317711300004381,0.007040670132532845,15.035255878743616
316,"frozenset({'politics', 'reddit.com', 'worldnews', 'AskReddit'})",frozenset({'WTF'}),0.013225100328347318,0.13288945640277272,0.01007843852608537,0.7620689655172413,5.734608193501052,0.008320962132579164,3.644377647002839
317,"frozenset({'WTF', 'pics', 'worldnews', 'AskReddit'})",frozenset({'reddit.com'}),0.0111729295877417,0.28712148850784386,0.010260853703028093,0.9183673469387755,3.1985322718668154,0.007052865528802365,8.732761765778914
318,"frozenset({'pics', 'worldnews', 'AskReddit', 'reddit.com'})",frozenset({'WTF'}),0.012221816855162349,0.13288945640277272,0.010260853703028093,0.8395522388059703,6.317673813499422,0.008636703104891324,5.4043168763734215
319,"frozenset({'pics', 'worldnews', 'AskReddit'})","frozenset({'WTF', 'reddit.com'})",0.014182780007296607,0.08546151039766509,0.010260853703028093,0.7234726688102895,8.465479552653163,0.009048771901966717,3.3072263984456542
320,"frozenset({'politics', 'WTF', 'pics', 'AskReddit'})",frozenset({'reddit.com'}),0.0181503101058008,0.28712148850784386,0.01682780007296607,0.9271356783919599,3.2290710222012224,0.011616456018509583,9.78364301978891
321,"frozenset({'politics', 'pics', 'AskReddit', 'reddit.com'})",frozenset({'WTF'}),0.02239146296971908,0.13288945640277272,0.01682780007296607,0.7515274949083504,5.6552830845402555,0.013852210730857288,3.489764564805235
322,"frozenset({'politics', 'WTF', 'funny', 'AskReddit'})",frozenset({'reddit.com'}),0.013954761036118205,0.28712148850784386,0.013225100328347318,0.9477124183006536,3.3007366436621237,0.009218388567885798,13.633801532287476
323,"frozenset({'politics', 'reddit.com', 'funny', 'AskReddit'})",frozenset({'WTF'}),0.01577891280554542,0.13288945640277272,0.013225100328347318,0.838150289017341,6.307124069173731,0.011128249182991637,5.357504430082868
324,"frozenset({'politics', 'funny', 'AskReddit'})","frozenset({'WTF', 'reddit.com'})",0.017238234221087195,0.08546151039766509,0.013225100328347318,0.7671957671957671,8.977091132907567,0.01175189479522449,3.9283585121554827
325,"frozenset({'gaming', 'WTF', 'pics', 'reddit.com'})",frozenset({'AskReddit'}),0.015140459686245895,0.4803903684786574,0.010716891645384896,0.7078313253012049,1.4734502849064763,0.0034435606377729725,1.778457707887482
326,"frozenset({'gaming', 'WTF', 'pics', 'AskReddit'})",frozenset({'reddit.com'}),0.012632251003283473,0.28712148850784386,0.010716891645384896,0.8483754512635379,2.954761260372754,0.007089900934117441,4.701603516269695
327,"frozenset({'gaming', 'WTF', 'reddit.com', 'AskReddit'})",frozenset({'pics'}),0.01345311929952572,0.15728748631886172,0.010716891645384896,0.7966101694915254,5.064676079040351,0.00860088432761473,4.143336525598929
328,"frozenset({'gaming', 'pics', 'AskReddit', 'reddit.com'})",frozenset({'WTF'}),0.014456402772710689,0.13288945640277272,0.010716891645384896,0.7413249211356467,5.578508191716699,0.008795788139379836,3.352122467320989
329,"frozenset({'WTF', 'pics', 'funny', 'AskReddit'})",frozenset({'reddit.com'}),0.02462604888726742,0.28712148850784386,0.021935425027362277,0.8907407407407407,3.1023130500258835,0.014864757214783125,6.524650783148546
330,"frozenset({'WTF', 'reddit.com', 'funny', 'AskReddit'})",frozenset({'pics'}),0.02562933236045239,0.15728748631886172,0.021935425027362277,0.8558718861209964,5.441449324111687,0.01790425176435606,5.846968304799995
331,"frozenset({'pics', 'funny', 'AskReddit', 'reddit.com'})",frozenset({'WTF'}),0.027544691718350965,0.13288945640277272,0.021935425027362277,0.7963576158940397,5.992632052616507,0.01827502591812866,4.258006246607523
332,"frozenset({'WTF', 'funny', 'AskReddit'})","frozenset({'pics', 'reddit.com'})",0.029870485224370667,0.09180043779642466,0.021935425027362277,0.734351145038168,7.999429661399378,0.019193301406573417,3.4187972025479425
333,"frozenset({'politics', 'WTF', 'funny', 'AskReddit'})",frozenset({'pics'}),0.013954761036118205,0.15728748631886172,0.01217621306092667,0.8725490196078431,5.54747895098892,0.009981303775375244,6.612052030421239
334,"frozenset({'politics', 'pics', 'funny', 'AskReddit'})",frozenset({'WTF'}),0.014273987595767968,0.13288945640277272,0.01217621306092667,0.8530351437699681,6.419133367394599,0.010279350608625145,5.9001217423028764
335,"frozenset({'politics', 'funny', 'AskReddit'})","frozenset({'WTF', 'pics'})",0.017238234221087195,0.06662714337832908,0.01217621306092667,0.7063492063492064,10.601523201112524,0.011027678757889075,3.178512971198123
336,"frozenset({'politics', 'pics', 'funny', 'AskReddit'})",frozenset({'reddit.com'}),0.014273987595767968,0.28712148850784386,0.01340751550529004,0.939297124600639,3.271427469543013,0.009309146939850643,11.743735478791832
337,"frozenset({'politics', 'reddit.com', 'funny', 'AskReddit'})",frozenset({'pics'}),0.01577891280554542,0.15728748631886172,0.01340751550529004,0.8497109826589596,5.402279625324925,0.010925689973261304,5.60727941795527
338,"frozenset({'politics', 'funny', 'AskReddit'})","frozenset({'pics', 'reddit.com'})",0.017238234221087195,0.09180043779642466,0.01340751550529004,0.7777777777777778,8.472484406910636,0.011825038056956927,4.086898029916089
339,"frozenset({'politics', 'WTF', 'pics', 'science'})",frozenset({'reddit.com'}),0.014273987595767968,0.28712148850784386,0.01336191171105436,0.9361022364217253,3.26030016522484,0.009263543145614962,11.156548704852252
340,"frozenset({'politics', 'WTF', 'reddit.com', 'science'})",frozenset({'pics'}),0.01764866836920832,0.15728748631886172,0.01336191171105436,0.7571059431524547,4.813516706711229,0.010585997026386379,3.469465348878728
341,"frozenset({'politics', 'pics', 'science', 'reddit.com'})",frozenset({'WTF'}),0.016417365924844947,0.13288945640277272,0.01336191171105436,0.8138888888888889,6.124555784336154,0.01118021687773631,4.659101428283609
342,"frozenset({'politics', 'pics', 'science'})","frozenset({'WTF', 'reddit.com'})",0.017603064574972637,0.08546151039766509,0.01336191171105436,0.7590673575129534,8.881979197195326,0.011857527224849566,3.7958264192096918
343,"frozenset({'politics', 'WTF', 'science', 'funny'})",frozenset({'reddit.com'}),0.011583363735862823,0.28712148850784386,0.010944910616563297,0.9448818897637795,3.290878347957458,0.007619077978794585,12.933652994214828
344,"frozenset({'politics', 'reddit.com', 'funny', 'science'})",frozenset({'WTF'}),0.013088288945640278,0.13288945640277272,0.010944910616563297,0.8362369337979093,6.292725972656333,0.009205615013334742,5.294909064093704
345,"frozenset({'politics', 'science', 'funny'})","frozenset({'WTF', 'reddit.com'})",0.013954761036118205,0.08546151039766509,0.010944910616563297,0.7843137254901961,9.177391340741206,0.00975231566117815,4.240132997247189
346,"frozenset({'WTF', 'pics', 'funny', 'science'})",frozenset({'reddit.com'}),0.01673659248449471,0.28712148850784386,0.015368478657424297,0.9182561307901907,3.198144923120601,0.010563043310726983,8.720880457254044
347,"frozenset({'WTF', 'reddit.com', 'funny', 'science'})",frozenset({'pics'}),0.01710142283838015,0.15728748631886172,0.015368478657424297,0.8986666666666667,5.713529332173578,0.01267863884669951,8.316241911327028
348,"frozenset({'WTF', 'pics', 'science', 'reddit.com'})",frozenset({'funny'}),0.021707406056183876,0.0786665450565487,0.015368478657424297,0.7079831932773109,8.99980026793326,0.013660832020844709,3.155069960813545
349,"frozenset({'pics', 'funny', 'science', 'reddit.com'})",frozenset({'WTF'}),0.018287121488507845,0.13288945640277272,0.015368478657424297,0.8403990024937655,6.32404575383778,0.012938313023645025,5.432989499726375
350,"frozenset({'WTF', 'science', 'funny'})","frozenset({'pics', 'reddit.com'})",0.01887997081357169,0.09180043779642466,0.015368478657424297,0.8140096618357487,8.867165357543119,0.013635289071154697,4.883046996782858
351,"frozenset({'pics', 'funny', 'science'})","frozenset({'WTF', 'reddit.com'})",0.02029368843487778,0.08546151039766509,0.015368478657424297,0.7573033707865169,8.861338481647142,0.013634149392240013,3.7682372951207324
352,"frozenset({'reddit.com', 'funny', 'science'})","frozenset({'WTF', 'pics'})",0.021479387085005474,0.06662714337832908,0.015368478657424297,0.7154989384288747,10.738850596761372,0.013937368454433007,3.28073593633438
353,"frozenset({'politics', 'WTF', 'science', 'funny'})",frozenset({'pics'}),0.011583363735862823,0.15728748631886172,0.010625684056913534,0.9173228346456693,5.832141234592704,0.008803765891782611,10.192808498809963
354,"frozenset({'politics', 'WTF', 'pics', 'science'})",frozenset({'funny'}),0.014273987595767968,0.0786665450565487,0.010625684056913534,0.7444089456869009,9.462840209288327,0.009502798768574437,3.6047171424662516
355,"frozenset({'politics', 'pics', 'funny', 'science'})",frozenset({'WTF'}),0.012221816855162349,0.13288945640277272,0.010625684056913534,0.8694029850746269,6.542302215757178,0.009001533458776766,6.639589305258769
356,"frozenset({'politics', 'science', 'funny'})","frozenset({'WTF', 'pics'})",0.013954761036118205,0.06662714337832908,0.010625684056913534,0.761437908496732,11.428343913426652,0.009695918192549767,3.9124944400853594
357,"frozenset({'politics', 'pics', 'funny', 'science'})",frozenset({'reddit.com'}),0.012221816855162349,0.28712148850784386,0.011537759941627144,0.9440298507462688,3.2879108270591137,0.008028613693902675,12.736762738659882
358,"frozenset({'politics', 'reddit.com', 'funny', 'science'})",frozenset({'pics'}),0.013088288945640278,0.15728748631886172,0.011537759941627144,0.8815331010452961,5.604597807979489,0.009479135873152439,7.11348504195549
359,"frozenset({'politics', 'pics', 'science', 'reddit.com'})",frozenset({'funny'}),0.016417365924844947,0.0786665450565487,0.011537759941627144,0.7027777777777778,8.93362962962963,0.010246262485390482,3.0998134932676873
360,"frozenset({'politics', 'science', 'funny'})","frozenset({'pics', 'reddit.com'})",0.013954761036118205,0.09180043779642466,0.011537759941627144,0.8267973856209151,9.00646451658988,0.010256706769167005,5.243567283665928
361,"frozenset({'politics', 'WTF', 'pics', 'worldnews'})",frozenset({'reddit.com'}),0.011355344764684422,0.28712148850784386,0.010899306822327618,0.9598393574297189,3.3429729081510287,0.007638943330971676,17.750674936154713
362,"frozenset({'politics', 'pics', 'worldnews', 'reddit.com'})",frozenset({'WTF'}),0.01336191171105436,0.13288945640277272,0.010899306822327618,0.8156996587030717,6.138181920398406,0.009123649638543762,4.70487757914792
363,"frozenset({'politics', 'pics', 'worldnews'})","frozenset({'WTF', 'reddit.com'})",0.014091572418825245,0.08546151039766509,0.010899306822327618,0.7734627831715212,9.050422577046486,0.009695019759536735,4.037034189816024
364,"frozenset({'WTF', 'pics', 'funny', 'worldnews'})",frozenset({'reddit.com'}),0.011355344764684422,0.28712148850784386,0.010488872674206494,0.9236947791164659,3.2170868990574752,0.007228509182850552,9.342460492712998
365,"frozenset({'WTF', 'reddit.com', 'funny', 'worldnews'})",frozenset({'pics'}),0.012404232032105071,0.15728748631886172,0.010488872674206494,0.8455882352941176,5.376068084525779,0.008537842198160782,5.457566755268324
366,"frozenset({'pics', 'funny', 'worldnews', 'reddit.com'})",frozenset({'WTF'}),0.011948194089748267,0.13288945640277272,0.010488872674206494,0.8778625954198473,6.605961219068775,0.008901083656625026,7.0994675757023
367,"frozenset({'WTF', 'funny', 'worldnews'})","frozenset({'pics', 'reddit.com'})",0.013772345859175483,0.09180043779642466,0.010488872674206494,0.76158940397351,8.296141306672196,0.009224565294850409,3.809392608131665
368,"frozenset({'pics', 'funny', 'worldnews'})","frozenset({'WTF', 'reddit.com'})",0.01331630791681868,0.08546151039766509,0.010488872674206494,0.7876712328767124,9.216678118740955,0.009350840886714784,4.307181273610998
369,"frozenset({'reddit.com', 'funny', 'worldnews'})","frozenset({'WTF', 'pics'})",0.01454761036118205,0.06662714337832908,0.010488872674206494,0.7210031347962382,10.821462518693986,0.009519606952859952,3.3454600141832924
370,"frozenset({'politics', 'WTF', 'pics', 'funny'})",frozenset({'reddit.com'}),0.01778547975191536,0.28712148850784386,0.01687340386720175,0.9487179487179487,3.304238751506858,0.011766810447005695,13.901130974097033
371,"frozenset({'politics', 'WTF', 'reddit.com', 'funny'})",frozenset({'pics'}),0.019700839109813937,0.15728748631886172,0.01687340386720175,0.8564814814814814,5.445325000268462,0.013774708405246795,5.87180332113309
372,"frozenset({'politics', 'pics', 'funny', 'reddit.com'})",frozenset({'WTF'}),0.02029368843487778,0.13288945640277272,0.01687340386720175,0.8314606741573034,6.2567843729997765,0.014176586642683606,5.1448558920102165
373,"frozenset({'politics', 'WTF', 'funny'})","frozenset({'pics', 'reddit.com'})",0.02106895293688435,0.09180043779642466,0.01687340386720175,0.8008658008658007,8.723986726967352,0.014939264763683499,4.560741279761429
374,"frozenset({'politics', 'pics', 'funny'})","frozenset({'WTF', 'reddit.com'})",0.021844217438890916,0.08546151039766509,0.01687340386720175,0.7724425887265135,9.038485104372992,0.015006564051419117,4.0189351974267735
375,"frozenset({'gaming', 'WTF', 'pics', 'funny'})",frozenset({'reddit.com'}),0.011537759941627144,0.28712148850784386,0.010169646114556731,0.8814229249011857,3.069860530056099,0.006856907306070572,6.011942113583845
376,"frozenset({'gaming', 'WTF', 'reddit.com', 'funny'})",frozenset({'pics'}),0.011218533381977381,0.15728748631886172,0.010169646114556731,0.9065040650406504,5.763357824938064,0.00840511119872127,9.013359928937392
377,"frozenset({'gaming', 'pics', 'funny', 'reddit.com'})",frozenset({'WTF'}),0.01235862823786939,0.13288945640277272,0.010169646114556731,0.8228782287822879,6.19220102976596,0.00852731472614231,4.8955616107260145
378,"frozenset({'WTF', 'gaming', 'funny'})","frozenset({'pics', 'reddit.com'})",0.013225100328347318,0.09180043779642466,0.010169646114556731,0.7689655172413794,8.376490741216577,0.008955576114512809,3.9310130304333875
379,"frozenset({'WTF', 'funny', 'pics', 'reddit.com', 'IAmA'})",frozenset({'AskReddit'}),0.014638817949653412,0.4803903684786574,0.013088288945640278,0.8940809968847352,1.8611551262282584,0.006055941796714291,4.905726227010321
380,"frozenset({'WTF', 'funny', 'pics', 'IAmA', 'AskReddit'})",frozenset({'reddit.com'}),0.014228383801532287,0.28712148850784386,0.013088288945640278,0.9198717948717949,3.2037720327110417,0.009003014209483434,8.896723823422114
381,"frozenset({'WTF', 'funny', 'reddit.com', 'IAmA', 'AskReddit'})",frozenset({'pics'}),0.015094855892010215,0.15728748631886172,0.013088288945640278,0.867069486404834,5.512641257722586,0.010714057006040532,6.339496409737659
382,"frozenset({'funny', 'pics', 'reddit.com', 'IAmA', 'AskReddit'})",frozenset({'WTF'}),0.0155964976286027,0.13288945640277272,0.013088288945640278,0.8391812865497076,6.314882378676042,0.011015678853988131,5.391851016550031
383,"frozenset({'IAmA', 'WTF', 'pics', 'funny'})","frozenset({'reddit.com', 'AskReddit'})",0.01591572418825246,0.1356712878511492,0.013088288945640278,0.8223495702005732,6.061338277431318,0.01092898214793638,4.8653342022572446
384,"frozenset({'IAmA', 'WTF', 'reddit.com', 'funny'})","frozenset({'pics', 'AskReddit'})",0.01696461145567311,0.08737686975556366,0.013088288945640278,0.7715053763440861,8.829629380205178,0.011605974300024186,3.9940682876580054
385,"frozenset({'IAmA', 'WTF', 'funny', 'AskReddit'})","frozenset({'pics', 'reddit.com'})",0.016919007661437432,0.09180043779642466,0.013088288945640278,0.7735849056603774,8.426810636522978,0.011535116635239259,4.011214733065792
386,"frozenset({'IAmA', 'pics', 'funny', 'reddit.com'})","frozenset({'WTF', 'AskReddit'})",0.017694272163444,0.07688799708135717,0.013088288945640278,0.7396907216494846,9.620366633647626,0.011727811799180657,3.546212446855777
387,"frozenset({'IAmA', 'pics', 'funny', 'AskReddit'})","frozenset({'WTF', 'reddit.com'})",0.01801349872309376,0.08546151039766509,0.013088288945640278,0.7265822784810126,8.501865636356268,0.011548828137218274,3.344839846230762
388,"frozenset({'WTF', 'funny', 'pics', 'reddit.com', 'science'})",frozenset({'AskReddit'}),0.015368478657424297,0.4803903684786574,0.010762495439620576,0.7002967359050446,1.4577659792031346,0.003379626314424136,1.73374698834349
389,"frozenset({'WTF', 'funny', 'pics', 'science', 'AskReddit'})",frozenset({'reddit.com'}),0.011492156147391464,0.28712148850784386,0.010762495439620576,0.9365079365079365,3.2617131562493697,0.007462850460416971,11.227836556001458
390,"frozenset({'WTF', 'funny', 'reddit.com', 'science', 'AskReddit'})",frozenset({'pics'}),0.011537759941627144,0.15728748631886172,0.010762495439620576,0.9328063241106719,5.930581929573446,0.008947750180651587,12.541545056548696
391,"frozenset({'WTF', 'pics', 'reddit.com', 'science', 'AskReddit'})",frozenset({'funny'}),0.01450200656694637,0.0786665450565487,0.010762495439620576,0.7421383647798743,9.433976848053963,0.009621672686611524,3.5729760813660683
392,"frozenset({'funny', 'pics', 'reddit.com', 'science', 'AskReddit'})",frozenset({'WTF'}),0.011993797883983947,0.13288945640277272,0.010762495439620576,0.8973384030418251,6.75251767395372,0.009168646158613224,8.446298998743362
393,"frozenset({'WTF', 'science', 'funny', 'AskReddit'})","frozenset({'pics', 'reddit.com'})",0.012586647209047792,0.09180043779642466,0.010762495439620576,0.855072463768116,9.314470434926601,0.009607035715440842,6.266576979204671
394,"frozenset({'pics', 'funny', 'science', 'AskReddit'})","frozenset({'WTF', 'reddit.com'})",0.013133892739875957,0.08546151039766509,0.010762495439620576,0.8194444444444445,9.58846199454524,0.00964005312866985,5.065136250105242
395,"frozenset({'reddit.com', 'funny', 'science', 'AskReddit'})","frozenset({'WTF', 'pics'})",0.013726742064939804,0.06662714337832908,0.010762495439620576,0.7840531561461793,11.767773858982492,0.009847921827942491,4.322234305278813
396,"frozenset({'politics', 'WTF', 'funny', 'pics', 'AskReddit'})",frozenset({'reddit.com'}),0.01217621306092667,0.28712148850784386,0.011674571324334184,0.9588014981273407,3.3393582037700646,0.00817851890589227,17.303505688036836
397,"frozenset({'politics', 'WTF', 'funny', 'reddit.com', 'AskReddit'})",frozenset({'pics'}),0.013225100328347318,0.15728748631886172,0.011674571324334184,0.8827586206896552,5.612389398226373,0.009594428537373682,7.1878420284567675
398,"frozenset({'politics', 'funny', 'pics', 'reddit.com', 'AskReddit'})",frozenset({'WTF'}),0.01340751550529004,0.13288945640277272,0.011674571324334184,0.8707482993197279,6.552425774702468,0.009892853877124444,6.708697363620652
399,"frozenset({'politics', 'WTF', 'funny', 'AskReddit'})","frozenset({'pics', 'reddit.com'})",0.013954761036118205,0.09180043779642466,0.011674571324334184,0.8366013071895425,9.113260538525727,0.010393518151874045,5.558181320685882
400,"frozenset({'politics', 'pics', 'funny', 'AskReddit'})","frozenset({'WTF', 'reddit.com'})",0.014273987595767968,0.08546151039766509,0.011674571324334184,0.8178913738019169,9.570289244785718,0.010454694785002317,5.0219394253601894
401,"frozenset({'politics', 'reddit.com', 'funny', 'AskReddit'})","frozenset({'WTF', 'pics'})",0.01577891280554542,0.06662714337832908,0.011674571324334184,0.7398843930635838,11.104849398424548,0.010623267438484957,3.588300093234423
402,"frozenset({'politics', 'WTF', 'funny', 'pics', 'science'})",frozenset({'reddit.com'}),0.010625684056913534,0.28712148850784386,0.01007843852608537,0.9484978540772533,3.3034721957125175,0.007027576303250291,13.841724431472716
403,"frozenset({'politics', 'WTF', 'funny', 'reddit.com', 'science'})",frozenset({'pics'}),0.010944910616563297,0.15728748631886172,0.01007843852608537,0.9208333333333334,5.854460230018364,0.008356941047221506,10.644789646498596
404,"frozenset({'politics', 'WTF', 'pics', 'reddit.com', 'science'})",frozenset({'funny'}),0.01336191171105436,0.0786665450565487,0.01007843852608537,0.7542662116040956,9.588144630756295,0.009027303096426086,3.749315309700434
405,"frozenset({'politics', 'funny', 'pics', 'reddit.com', 'science'})",frozenset({'WTF'}),0.011537759941627144,0.13288945640277272,0.01007843852608537,0.8735177865612648,6.573266308756147,0.008545191879336852,6.855592735315575
406,"frozenset({'politics', 'WTF', 'science', 'funny'})","frozenset({'pics', 'reddit.com'})",0.011583363735862823,0.09180043779642466,0.01007843852608537,0.8700787401574803,9.477936718416904,0.009015080663977933,6.990384509082065
407,"frozenset({'politics', 'WTF', 'pics', 'science'})","frozenset({'reddit.com', 'funny'})",0.014273987595767968,0.05463334549434513,0.01007843852608537,0.7060702875399361,12.92379738328524,0.009298602830183782,3.2163017702203254
408,"frozenset({'politics', 'pics', 'funny', 'science'})","frozenset({'WTF', 'reddit.com'})",0.012221816855162349,0.08546151039766509,0.01007843852608537,0.8246268656716418,9.649102406855796,0.009033943597839555,5.214815217306931
409,"frozenset({'politics', 'reddit.com', 'funny', 'science'})","frozenset({'WTF', 'pics'})",0.013088288945640278,0.06662714337832908,0.01007843852608537,0.7700348432055748,11.557374429713787,0.009206403221927196,4.058757725006355
410,"frozenset({'politics', 'science', 'funny'})","frozenset({'WTF', 'pics', 'reddit.com'})",0.013954761036118205,0.05290040131338927,0.01007843852608537,0.7222222222222222,13.652490421455939,0.00934022606704227,3.4095585552717984
